path,category,release_asset_role,source_evidence_type,claim_readiness,git_tracked,size_bytes,sha256,mtime_utc,paper_use,limitations
CHANGELOG.md,report_or_protocol_markdown,lightweight_release_asset,preexisting_artifact,paper_ready_reproducibility,true,47906,29487dac085be8898b9e9c180a0d21404c766ad3da225c75b0724e791b36fb92,2026-08-11T00:29:47.676574+00:00,"Use as reproducibility support, not as standalone accuracy proof.",
CityLBM/README.md,report_or_protocol_markdown,lightweight_release_asset,preexisting_artifact,paper_ready_reproducibility,true,11265,c7626d90345153e7fce1bcd3cf39baef96763cb48566d073979d273145c65c81,2026-08-01T12:14:28.079103+00:00,"Use as reproducibility support, not as standalone accuracy proof.",
CityLBM/bin/CityLBM.gha,software_asset,lightweight_release_asset,newly_run,paper_ready_software_identity,true,1813504,51869e69ab27eaaf45c54e3690598cbe4eed54ba98a483ca183cf62f9993b88f,2026-08-11T00:30:24.820043+00:00,"Use to identify the built rc plugin artifact, not CFD accuracy.",Rhino/Grasshopper loading remains independently unverified.
README.md,report_or_protocol_markdown,lightweight_release_asset,preexisting_artifact,paper_ready_reproducibility,true,31972,9227c06339e3072df96b2f6cc2e5e257020b36da7e5ec0944c530bd5b55a3ccd,2026-08-11T00:29:51.283607+00:00,"Use as reproducibility support, not as standalone accuracy proof.",
academic-paper-writer/paper-drafts/casee_v04_manuscript_section_pack_en.md,report_or_protocol_markdown,lightweight_release_asset,preexisting_artifact,paper_ready_reproducibility,true,4944,a52897b953af8aa10d0ca4cfb3727884e6956aa681a2d31e304088717eea8102,2026-08-11T00:30:36.190147+00:00,"Use as reproducibility support, not as standalone accuracy proof.",
academic-paper-writer/paper-drafts/casee_v04_reproducibility_appendix_en.md,report_or_protocol_markdown,lightweight_release_asset,preexisting_artifact,paper_ready_reproducibility_appendix,true,11952,4e42b31962d2097413132f5dfd9fb8cb541cb6606265acfc6f4ca4b3a6faf495,2026-08-11T00:30:39.764598+00:00,"Use as a paper-facing reproducibility appendix, not as accuracy proof.",
academic-paper-writer/paper-drafts/casee_v04_reproducibility_appendix_zh.md,report_or_protocol_markdown,lightweight_release_asset,preexisting_artifact,paper_ready_reproducibility_appendix,true,11481,9b2124224ecead67dee396fffa04d3eafd8adb94e37d25543c703e606a908e7d,2026-08-11T00:30:39.765540+00:00,"Use as a paper-facing reproducibility appendix, not as accuracy proof.",
docs/experiments/casea/results/casea_smoke_regression.json,manifest_or_gate_json,lightweight_release_asset,newly_run,paper_ready_reproducibility,true,536,b63ae6c7a4dfe91549b53494bcf4edd31e993c0099047bab45e1edf4ce6e76bf,2026-08-01T10:48:22.253031+00:00,"Use as reproducibility support, not as standalone accuracy proof.",
docs/experiments/casea/results/casea_vtk_manifest.csv,table_or_metric_csv,lightweight_release_asset,preexisting_artifact,paper_ready_reproducibility,true,481,f17c8707a9db96cd89cc8c86e2eb57a7ae65e82a66713770ec655626491a897c,2026-08-01T10:48:22.250417+00:00,"Use as reproducibility support, not as standalone accuracy proof.",
docs/experiments/casee/casee_preset.json,manifest_or_gate_json,lightweight_release_asset,preexisting_artifact,paper_ready_reproducibility,true,1424,f198694894fc5acb80b97b36c690f238ed43f83b29b2447dfb5f5338ff6cabd4,2026-07-30T11:05:01.860535+00:00,"Use as reproducibility support, not as standalone accuracy proof.",
docs/experiments/casee/casee_protocol.md,report_or_protocol_markdown,lightweight_release_asset,preexisting_artifact,paper_ready_reproducibility,true,2343,f5868f1fb8651acdd60e43b96c6cc7bb7313203cef85fc472ce57f083e0396f2,2026-07-30T11:05:01.866973+00:00,"Use as reproducibility support, not as standalone accuracy proof.",
docs/experiments/casee/data_manifest.csv,table_or_metric_csv,lightweight_release_asset,newly_run,paper_ready_reproducibility,true,2053,c868bd407b214ad6d4518f8e0c26b9205282c59e065021511c19a4b244d144a0,2026-07-30T10:59:18.940958+00:00,"Use as reproducibility support, not as standalone accuracy proof.",
docs/experiments/casee/evidence_inventory.csv,table_or_metric_csv,lightweight_release_asset,preexisting_artifact,paper_ready_reproducibility,true,23115,fe259828cbe058a8def4b4bf47a7e928fa2f9fa938a6ee4e5244453445aa5562,2026-08-11T00:30:00.571921+00:00,"Use as reproducibility support, not as standalone accuracy proof.",
docs/experiments/casee/native_fluidx3d_run_matrix.csv,table_or_metric_csv,lightweight_release_asset,preexisting_artifact,paper_ready_reproducibility,true,2928,0ebcb973d6f7064f4e2aee06fcfc43d84d9ba3c8cbd4e4456becd5f7a4c497e5,2026-08-01T11:32:54.028416+00:00,"Use as reproducibility support, not as standalone accuracy proof.",
docs/experiments/casee/official_data/AF_caseE.csv,official_data,hash_record_only,preexisting_artifact,paper_ready_protocol_input,true,222,267ae89113e9f51a8c437543bdc0549c9f352dced7ed571a3e6844082b555f77,2026-07-30T10:58:10.408388+00:00,Use to document official AIJ Case E inputs and protocol.,
docs/experiments/casee/official_data/BD_caseE.stl,official_data,external_reference_hash_only,preexisting_artifact,paper_ready_protocol_input,false,11847740,eef5cae06ea5be7b02f837ba291959e3de25aa47628f5eda1f164f5e4eb549d9,2026-07-30T10:59:13.028075+00:00,Use to document official AIJ Case E inputs and protocol.,Official raw geometry should be referenced by hash; avoid duplicating large source data in manuscript.
docs/experiments/casee/official_data/LF_caseE.xls,official_data,external_reference_hash_only,preexisting_artifact,paper_ready_protocol_input,true,132608,462c6dbf875fd47630102bf9eab607749d9f713a71ee313e7bc59315aee7441a,2026-07-30T10:59:18.913404+00:00,Use to document official AIJ Case E inputs and protocol.,
docs/experiments/casee/official_data/MP_caseE.png,official_data,hash_record_only,preexisting_artifact,paper_ready_protocol_input,true,970842,0fc868d42899783dea655cee10a47c79e148bf5febef6dfed7d293f6b50c96a3,2026-07-30T10:59:17.071786+00:00,Use to document official AIJ Case E inputs and protocol.,
docs/experiments/casee/official_data/RS_caseE.csv,official_data,hash_record_only,preexisting_artifact,paper_ready_protocol_input,true,66145,d2f687c052c21d734c0de2ade677984d62a348f2660e09dd6d2fc09e7586c799,2026-07-30T10:59:14.459069+00:00,Use to document official AIJ Case E inputs and protocol.,
docs/experiments/casee/official_data/readme_caseE.md,official_data,hash_record_only,preexisting_artifact,paper_ready_protocol_input,true,3624,a879d029decf0ebd41362fb4693b246fb9629c518167aa02e82c8d861e86ecb5,2026-07-30T10:59:17.741471+00:00,Use to document official AIJ Case E inputs and protocol.,
docs/experiments/casee/results/build_chain_manifest.csv,table_or_metric_csv,lightweight_release_asset,preexisting_artifact,paper_ready_reproducibility,true,1030,c02ab8f7ac8205e199c4f6fd21e98afa7b1d7aee25a1b27f114fc3e663ea739a,2026-08-11T00:30:29.596486+00:00,"Use as reproducibility support, not as standalone accuracy proof.",
docs/experiments/casee/results/build_chain_manifest.json,manifest_or_gate_json,lightweight_release_asset,newly_run,paper_ready_reproducibility,true,17679,7bbb16f7c225a42af10ae189c20616a4f219482beb006fe1a78416695af7baed,2026-08-11T00:30:29.595640+00:00,"Use as reproducibility support, not as standalone accuracy proof.",
docs/experiments/casee/results/build_chain_manifest.md,report_or_protocol_markdown,lightweight_release_asset,preexisting_artifact,paper_ready_reproducibility,true,2041,f9c3b8b1fd8ed40d3d0afc8e9dbf8f41b05476cf1ed48f54618f654070ff2bc7,2026-08-11T00:30:29.596864+00:00,"Use as reproducibility support, not as standalone accuracy proof.",
docs/experiments/casee/results/casee_c002_dx2_longer_mean_20260809_205343_probe_time_mean.csv,table_or_metric_csv,lightweight_release_asset,preexisting_artifact,limitations_ready_completed_candidate,true,10071,79ed81feabb4676897bd48ba5463edce21e3af33f23788d43e989b080df200ea,2026-08-09T13:13:22.474245+00:00,Use to show the C002 longer-time-mean candidate was completed and did not improve official z=2 m metrics.,
docs/experiments/casee/results/casee_c002_longer_mean_audit.csv,table_or_metric_csv,lightweight_release_asset,preexisting_artifact,limitations_ready_completed_candidate,true,458,3757782d1258048cc41b73d6f179a7e98d8f81ee601e689f4ad167dee1eb8b25,2026-08-11T00:30:32.305620+00:00,Use to show the C002 longer-time-mean candidate was completed and did not improve official z=2 m metrics.,
docs/experiments/casee/results/casee_c002_longer_mean_audit.json,manifest_or_gate_json,lightweight_release_asset,newly_run,limitations_ready_completed_candidate,true,3689,42cb1dc36395c7510c39fe3607930685a893f90b88af036d19d64805ecf1d77f,2026-08-11T00:30:32.304796+00:00,Use to show the C002 longer-time-mean candidate was completed and did not improve official z=2 m metrics.,
docs/experiments/casee/results/casee_c002_longer_mean_audit.md,report_or_protocol_markdown,lightweight_release_asset,preexisting_artifact,limitations_ready_completed_candidate,true,890,7a931c435f8c81c1d338db490ed238870cdc8d3c5d92ae731d3b6261ee9e5d4e,2026-08-11T00:30:32.305845+00:00,Use to show the C002 longer-time-mean candidate was completed and did not improve official z=2 m metrics.,
docs/experiments/casee/results/casee_c003_dx2_no_zcenter_20260809_212601_probe_time_mean.csv,table_or_metric_csv,lightweight_release_asset,preexisting_artifact,limitations_ready_zorigin_ablation,true,10071,ac6cc80f858e7d401be6725f38ff4a0bf80711fdb7db1149cfd4bb67be122091,2026-08-09T13:33:04.935951+00:00,Use to show the C003 no-z-center ablation worsened official z=2 m metrics and supports z-origin sensitivity as a limitation.,
docs/experiments/casee/results/casee_c003_zorigin_ablation_audit.csv,table_or_metric_csv,lightweight_release_asset,preexisting_artifact,limitations_ready_zorigin_ablation,true,556,844379ec0cdda9e433fb8a29099baf781e508b92ac506c4599ec61b28c7d9ede,2026-08-11T00:30:32.535308+00:00,Use to show the C003 no-z-center ablation worsened official z=2 m metrics and supports z-origin sensitivity as a limitation.,
docs/experiments/casee/results/casee_c003_zorigin_ablation_audit.json,manifest_or_gate_json,lightweight_release_asset,newly_run,limitations_ready_zorigin_ablation,true,4628,341637bfec8d01f7f5531ffcd99e1bed5728705f1d5f2560292533caa1959ede,2026-08-11T00:30:32.534547+00:00,Use to show the C003 no-z-center ablation worsened official z=2 m metrics and supports z-origin sensitivity as a limitation.,
docs/experiments/casee/results/casee_c003_zorigin_ablation_audit.md,report_or_protocol_markdown,lightweight_release_asset,preexisting_artifact,limitations_ready_zorigin_ablation,true,911,781e4115c01dd77002a9cf9a58fb4cd82a2de574ff819f5c93be8825c90ef220,2026-08-11T00:30:32.536060+00:00,Use to show the C003 no-z-center ablation worsened official z=2 m metrics and supports z-origin sensitivity as a limitation.,
docs/experiments/casee/results/casee_c004_dx3_low_cost_20260809_214302_probe_time_mean.csv,table_or_metric_csv,lightweight_release_asset,preexisting_artifact,limitations_ready_dx3_low_cost_regression,true,10071,132578390e3c4b5c23a64c5efd76a3b69c020b1b9fa300eb42ef94171163c805,2026-08-09T13:45:15.442141+00:00,Use to show the C004 dx=3 low-cost run kept positive correlation but did not improve official z=2 m metrics.,
docs/experiments/casee/results/casee_c004_dx3_low_cost_audit.csv,table_or_metric_csv,lightweight_release_asset,preexisting_artifact,limitations_ready_dx3_low_cost_regression,true,557,79b90c7ed71b3fc398291727d52cbdc2ab61e4a6c611e6c795a4b8e80a88f09a,2026-08-11T00:30:32.734349+00:00,Use to show the C004 dx=3 low-cost run kept positive correlation but did not improve official z=2 m metrics.,
docs/experiments/casee/results/casee_c004_dx3_low_cost_audit.json,manifest_or_gate_json,lightweight_release_asset,newly_run,limitations_ready_dx3_low_cost_regression,true,4614,2bd4f1cb8287bc6633af7bfdf3da0777b5b587ff4af22a272cdd3c1ad318800f,2026-08-11T00:30:32.734101+00:00,Use to show the C004 dx=3 low-cost run kept positive correlation but did not improve official z=2 m metrics.,
docs/experiments/casee/results/casee_c004_dx3_low_cost_audit.md,report_or_protocol_markdown,lightweight_release_asset,preexisting_artifact,limitations_ready_dx3_low_cost_regression,true,940,c2265dcee7a5f91339ac43b7d934d84c28acf15dd69ceb1c014af575d72f6bb8,2026-08-11T00:30:32.735111+00:00,Use to show the C004 dx=3 low-cost run kept positive correlation but did not improve official z=2 m metrics.,
docs/experiments/casee/results/casee_c005_decomposition_audit.csv,table_or_metric_csv,lightweight_release_asset,preexisting_artifact,limitations_ready_decomposition_sensitivity,true,637,6517d50af4dc20ce8f95f969659dc0b79490e50ba6eeab716d4805074e46d6e9,2026-08-11T00:30:32.907549+00:00,Use to show the C005 4x1x1 domain-decomposition run improved MAE/R2 but was not reproducibility-consistent or default-promotable.,
docs/experiments/casee/results/casee_c005_decomposition_audit.json,manifest_or_gate_json,lightweight_release_asset,newly_run,limitations_ready_decomposition_sensitivity,true,4088,c56d27fe80f0e34d9100219c073b82957633f0c95978fabf68603e0b78cfbd83,2026-08-11T00:30:32.906727+00:00,Use to show the C005 4x1x1 domain-decomposition run improved MAE/R2 but was not reproducibility-consistent or default-promotable.,
docs/experiments/casee/results/casee_c005_decomposition_audit.md,report_or_protocol_markdown,lightweight_release_asset,preexisting_artifact,limitations_ready_decomposition_sensitivity,true,962,f00924e2797d4433fa71a47c6924d42fb3d55c0b40d11a0921d1fe8b791f856c,2026-08-11T00:30:32.907737+00:00,Use to show the C005 4x1x1 domain-decomposition run improved MAE/R2 but was not reproducibility-consistent or default-promotable.,
docs/experiments/casee/results/casee_c005_dx2_decomp4x1x1_20260809_215600_probe_time_mean.csv,table_or_metric_csv,lightweight_release_asset,preexisting_artifact,limitations_ready_decomposition_sensitivity,true,10071,4c9cabb1659556bd9cc6cedd5c568e4f33f2d3f47cafa529a79096fafcea612e,2026-08-09T14:03:20.319161+00:00,Use to show the C005 4x1x1 domain-decomposition run improved MAE/R2 but was not reproducibility-consistent or default-promotable.,
docs/experiments/casee/results/casee_c006_inlet_k_synthetic_smoke_20260809_221825_probe_time_mean.csv,table_or_metric_csv,lightweight_release_asset,preexisting_artifact,paper_ready_reproducibility,false,9991,07d873d6759817cb49a6b459292f85465dba2e49edf96535bac234dea5b5041f,2026-08-09T14:18:34.421494+00:00,"Use as reproducibility support, not as standalone accuracy proof.",
docs/experiments/casee/results/casee_c008_c009_inlet_turbulence_audit.csv,table_or_metric_csv,lightweight_release_asset,preexisting_artifact,limitations_ready_inlet_turbulence_improvement,true,2346,2d3979c42be1d5f5683c09d57c8f2d26fa78d4fb436597a67ed22469ff6ad47c,2026-08-11T00:30:33.232382+00:00,Use to show AF-k synthetic full-plane inlet candidates substantially improved official-height MAE/R2/Pearson but still had negative R2.,
docs/experiments/casee/results/casee_c008_c009_inlet_turbulence_audit.json,manifest_or_gate_json,lightweight_release_asset,newly_run,limitations_ready_inlet_turbulence_improvement,true,27454,378e68ce86eacef1254abc877dd1e0b3adc445fb30d97e669ea9067accf56965,2026-08-11T00:30:33.231698+00:00,Use to show AF-k synthetic full-plane inlet candidates substantially improved official-height MAE/R2/Pearson but still had negative R2.,
docs/experiments/casee/results/casee_c008_c009_inlet_turbulence_audit.md,report_or_protocol_markdown,lightweight_release_asset,preexisting_artifact,limitations_ready_inlet_turbulence_improvement,true,1378,ccaf0db50844cba21be6a1dc16cbd96d16f9a0dc300bfea9b490529e0aa0ea6c,2026-08-11T00:30:33.232716+00:00,Use to show AF-k synthetic full-plane inlet candidates substantially improved official-height MAE/R2/Pearson but still had negative R2.,
docs/experiments/casee/results/casee_c008_inlet_k_synthetic_20260809_221958_probe_time_mean.csv,table_or_metric_csv,lightweight_release_asset,preexisting_artifact,limitations_ready_inlet_turbulence_improvement,true,10071,baf87f728dade46cef9bf71b770f4fbe5340e5afb54352e0bc6e7240be63a73c,2026-08-09T14:28:28.969018+00:00,Use to show AF-k synthetic full-plane inlet candidates substantially improved official-height MAE/R2/Pearson but still had negative R2.,
docs/experiments/casee/results/casee_c009_inlet_k_synthetic_s0p7_20260809_223022_probe_time_mean.csv,table_or_metric_csv,lightweight_release_asset,preexisting_artifact,limitations_ready_inlet_turbulence_improvement,true,10071,18eac851c3002161fc6e6fd674366e641fe6dbb03279149a7f000468d7bb0988,2026-08-09T14:45:02.859941+00:00,Use to show AF-k synthetic full-plane inlet candidates substantially improved official-height MAE/R2/Pearson but still had negative R2.,
docs/experiments/casee/results/casee_c010_inlet_k_synthetic_s1p0_20260809_225516_probe_time_mean.csv,table_or_metric_csv,lightweight_release_asset,preexisting_artifact,limitations_ready_inlet_turbulence_improvement,true,10071,7ff56343a267ec338f96ada792825ca7f552f87d739c3dc9d325df115b56df15,2026-08-09T15:00:03.553569+00:00,Use to show AF-k synthetic full-plane inlet candidates substantially improved official-height MAE/R2/Pearson but still had negative R2.,
docs/experiments/casee/results/casee_c011_inlet_k_synthetic_s1p5_20260809_230150_probe_time_mean.csv,table_or_metric_csv,lightweight_release_asset,preexisting_artifact,limitations_ready_inlet_turbulence_improvement,true,10071,0af60b42bba9b9033657d4b3302b59124b5e7df09419f12c587b4bd846483877,2026-08-09T15:06:52.951135+00:00,Use to show AF-k synthetic full-plane inlet candidates substantially improved official-height MAE/R2/Pearson but still had negative R2.,
docs/experiments/casee/results/casee_c012_inlet_k_synthetic_s2p0_20260809_233100_probe_time_mean.csv,table_or_metric_csv,lightweight_release_asset,preexisting_artifact,limitations_ready_inlet_turbulence_improvement,true,10071,04c4e2d0b7a482610ca5601f1fd8b10e4f4a8c437580f77e505ff9908479a573,2026-08-09T15:36:14.143539+00:00,Use to show AF-k synthetic full-plane inlet candidates substantially improved official-height MAE/R2/Pearson but still had negative R2.,
docs/experiments/casee/results/casee_c013_inlet_k_synthetic_s1p5_nosgs_20260809_234500_probe_time_mean.csv,table_or_metric_csv,lightweight_release_asset,preexisting_artifact,limitations_ready_inlet_turbulence_improvement,true,10071,9491fe03ced750b94f195c56ef9b6e233a32d529006a8467b1b0039427c2d9d1,2026-08-09T15:49:40.249134+00:00,Use to show AF-k synthetic full-plane inlet candidates substantially improved official-height MAE/R2/Pearson but still had negative R2.,
docs/experiments/casee/results/casee_c014_inlet_k_synthetic_s2p0_nosgs_20260809_235100_probe_time_mean.csv,table_or_metric_csv,lightweight_release_asset,preexisting_artifact,limitations_ready_inlet_turbulence_improvement,true,10071,5d8334347f3fd5fa012cfcbdfc88ee08d6e253f426c1a1fb44737c4cc2bd47c1,2026-08-09T15:55:40.230961+00:00,Use to show AF-k synthetic full-plane inlet candidates substantially improved official-height MAE/R2/Pearson but still had negative R2.,
docs/experiments/casee/results/casee_c014_residual_structure_audit.csv,table_or_metric_csv,lightweight_release_asset,preexisting_artifact,limitations_ready_residual_structure,true,3516,cc2c9a9d21a3f932a03f72f4c4fce0a62a8656f8b72517b8ee07dd32bc761ec9,2026-08-11T00:30:34.834304+00:00,"Use to explain why C014 remains non-validating: velocity-ratio range compression, downstream residuals, and high-speed under-recovery.",Residual audit over preexisting C014 solver output only; it does not add a new FluidX3D run or permit formal accuracy claims.
docs/experiments/casee/results/casee_c014_residual_structure_audit.json,manifest_or_gate_json,lightweight_release_asset,newly_run,limitations_ready_residual_structure,true,22748,b75b094052f43c1a442c7b781708f6e99e78e80e03312902b9b83d8d88b80cfb,2026-08-11T00:30:34.832138+00:00,"Use to explain why C014 remains non-validating: velocity-ratio range compression, downstream residuals, and high-speed under-recovery.",Residual audit over preexisting C014 solver output only; it does not add a new FluidX3D run or permit formal accuracy claims.
docs/experiments/casee/results/casee_c014_residual_structure_audit.md,report_or_protocol_markdown,lightweight_release_asset,preexisting_artifact,limitations_ready_residual_structure,true,4087,ca818535ab515140fc225a790f0c8873d4de95319d1d9a985f4b9ed1654d3e0f,2026-08-11T00:30:34.836893+00:00,"Use to explain why C014 remains non-validating: velocity-ratio range compression, downstream residuals, and high-speed under-recovery.",Residual audit over preexisting C014 solver output only; it does not add a new FluidX3D run or permit formal accuracy claims.
docs/experiments/casee/results/casee_c014_residual_structure_audit.png,figure,lightweight_release_asset,preexisting_artifact,limitations_ready_residual_structure,true,117597,2be938f9d2abcd3d742f6ade55daafc1b21a99e52cb28ec0fa01cebcb5e0bd94,2026-08-11T00:30:34.827668+00:00,"Use to explain why C014 remains non-validating: velocity-ratio range compression, downstream residuals, and high-speed under-recovery.",Residual audit over preexisting C014 solver output only; it does not add a new FluidX3D run or permit formal accuracy claims.
docs/experiments/casee/results/casee_c014_residual_top_probes.csv,table_or_metric_csv,lightweight_release_asset,preexisting_artifact,limitations_ready_residual_structure,true,11992,e05bed89f3d35824e7ca87481c3dabfa472abac8c8d1186fe4414a83629e06a9,2026-08-11T00:30:34.836047+00:00,"Use to explain why C014 remains non-validating: velocity-ratio range compression, downstream residuals, and high-speed under-recovery.",Residual audit over preexisting C014 solver output only; it does not add a new FluidX3D run or permit formal accuracy claims.
docs/experiments/casee/results/casee_c015_inlet_k_synthetic_s2p5_nosgs_20260810_000000_probe_time_mean.csv,table_or_metric_csv,lightweight_release_asset,preexisting_artifact,limitations_ready_inlet_turbulence_improvement,true,10071,da367553dc3b8eea22d00b926e5f1917342dfeec504120e33e72938662859f76,2026-08-09T16:01:22.750031+00:00,Use to show AF-k synthetic full-plane inlet candidates substantially improved official-height MAE/R2/Pearson but still had negative R2.,
docs/experiments/casee/results/casee_c016_residual_target_leakage_guard.csv,table_or_metric_csv,lightweight_release_asset,preexisting_artifact,paper_ready_reproducibility,true,2474,241dfaffa7da67f9f126f58f14bf47b6ee76fb994f752a2604c5be1716f820c9,2026-08-11T00:30:35.048004+00:00,"Use as reproducibility support, not as standalone accuracy proof.",
docs/experiments/casee/results/casee_c016_residual_target_leakage_guard.json,manifest_or_gate_json,lightweight_release_asset,newly_run,paper_ready_reproducibility,true,5254,e7eb0d66a283691c4f0621a3dc17a361109ec523c06c57bf047a3808b63a7fda,2026-08-11T00:30:35.047611+00:00,"Use as reproducibility support, not as standalone accuracy proof.",
docs/experiments/casee/results/casee_c016_residual_target_leakage_guard.md,report_or_protocol_markdown,lightweight_release_asset,preexisting_artifact,paper_ready_reproducibility,true,2036,ee690c4509f1fceb834709f355a49f25736512b3a6d3f703e01fe8dbcc604600,2026-08-11T00:30:35.048758+00:00,"Use as reproducibility support, not as standalone accuracy proof.",
docs/experiments/casee/results/casee_candidate_sweep_plan.csv,table_or_metric_csv,lightweight_release_asset,preexisting_artifact,paper_ready_followup_plan,true,11989,c1b492d9807c3200a98f13e0d7233c4fe48a718ccb148d2da85af0e5cd36f92a,2026-08-11T00:30:35.371667+00:00,"Use as reproducibility support, not as standalone accuracy proof.",
docs/experiments/casee/results/casee_candidate_sweep_plan.json,manifest_or_gate_json,lightweight_release_asset,newly_run,paper_ready_followup_plan,true,18861,01d55e83c9bcde0a0dee734afb475eda310f43f3d0b1d8e0fad9bdeefd5d72f9,2026-08-11T00:30:35.369326+00:00,"Use as reproducibility support, not as standalone accuracy proof.",
docs/experiments/casee/results/casee_candidate_sweep_plan.md,report_or_protocol_markdown,lightweight_release_asset,preexisting_artifact,paper_ready_followup_plan,true,3149,435c0e7122c8d1cfc32dd91be1ecabd841e318dbdaca4e61df7717637dcbdeca,2026-08-11T00:30:35.373175+00:00,"Use as reproducibility support, not as standalone accuracy proof.",
docs/experiments/casee/results/casee_default_policy_gate.csv,table_or_metric_csv,lightweight_release_asset,preexisting_artifact,paper_ready_default_policy_boundary,true,8214,b1eda8c8d83edc9b42b8c55c4550d0bef28a9db4994b57ff8bd6edbe0ed67527,2026-08-11T00:30:35.513187+00:00,Use to distinguish formal defaults from diagnostic-only software switches.,Default-policy boundary only; does not improve or replace official z=2 m metrics.
docs/experiments/casee/results/casee_default_policy_gate.json,manifest_or_gate_json,lightweight_release_asset,newly_run,paper_ready_default_policy_boundary,true,14808,9d969211631125eabf370bcc6953dc08ea00dfcad9523eb05788879c0075c655,2026-08-11T00:30:35.512041+00:00,Use to distinguish formal defaults from diagnostic-only software switches.,Default-policy boundary only; does not improve or replace official z=2 m metrics.
docs/experiments/casee/results/casee_default_policy_gate.md,report_or_protocol_markdown,lightweight_release_asset,preexisting_artifact,paper_ready_default_policy_boundary,true,6850,de3b6c8f07ba59e7f92d808ddbca794ad311f43c0c345958a7b9b148596c215b,2026-08-11T00:30:35.513554+00:00,Use to distinguish formal defaults from diagnostic-only software switches.,Default-policy boundary only; does not improve or replace official z=2 m metrics.
docs/experiments/casee/results/casee_dx1_readiness_audit.csv,table_or_metric_csv,lightweight_release_asset,preexisting_artifact,limitations_ready_dx1_feasibility,true,1760,01f1790da9fc810a9fd5c844253bb45b21acca15b9dccedb0e66c6a434ee671d,2026-08-11T00:30:30.316137+00:00,Use to document dx=1 m high-resolution run feasibility and memory risk before scheduling long FluidX3D runs.,"Readiness and memory-risk audit only; no dx=1 solver output, accuracy result, or mesh-independence claim."
docs/experiments/casee/results/casee_dx1_readiness_audit.json,manifest_or_gate_json,lightweight_release_asset,newly_run,limitations_ready_dx1_feasibility,true,6869,eb91fe69f7bfd812dce7273c66446f8781c0f8587b624ac28b4dc4d702852311,2026-08-11T00:30:30.315152+00:00,Use to document dx=1 m high-resolution run feasibility and memory risk before scheduling long FluidX3D runs.,"Readiness and memory-risk audit only; no dx=1 solver output, accuracy result, or mesh-independence claim."
docs/experiments/casee/results/casee_dx1_readiness_audit.md,report_or_protocol_markdown,lightweight_release_asset,preexisting_artifact,limitations_ready_dx1_feasibility,true,1878,def05b5c3330d415b90c9a21018661b551126d91908e80ddcfbc2f7f190fa430,2026-08-11T00:30:30.316962+00:00,Use to document dx=1 m high-resolution run feasibility and memory risk before scheduling long FluidX3D runs.,"Readiness and memory-risk audit only; no dx=1 solver output, accuracy result, or mesh-independence claim."
docs/experiments/casee/results/casee_dx3_diagnostic_comparison.csv,table_or_metric_csv,lightweight_release_asset,preexisting_artifact,paper_ready_reproducibility,true,503,dbb55396c2029d2a47847345b429d09ea462267a07368171cd782beaa73ac3d4,2026-08-01T09:28:45.726586+00:00,"Use as reproducibility support, not as standalone accuracy proof.",
docs/experiments/casee/results/casee_environment_recovery_runbook.csv,table_or_metric_csv,lightweight_release_asset,preexisting_artifact,blocked_environment_recovery_runbook,true,2868,a1d39af820fbb136126f14cada78db5073eb93fcbeb9c99c333801a577343b6b,2026-08-11T00:30:30.443410+00:00,Use to document the environment recovery actions needed before more official long runs.,"Operational recovery guidance only; does not install tools, run CFD, or improve metrics."
docs/experiments/casee/results/casee_environment_recovery_runbook.json,manifest_or_gate_json,lightweight_release_asset,newly_run,blocked_environment_recovery_runbook,true,5877,defcb72221bf5c73ee719b249eb75e57a1a37e0645e4d80fe5c8567c954ccd94,2026-08-11T00:30:30.441886+00:00,Use to document the environment recovery actions needed before more official long runs.,"Operational recovery guidance only; does not install tools, run CFD, or improve metrics."
docs/experiments/casee/results/casee_environment_recovery_runbook.md,report_or_protocol_markdown,lightweight_release_asset,preexisting_artifact,blocked_environment_recovery_runbook,true,4247,e387cb386117eef3226d27cd3f1ec89822f4f2c8f041cff17bdb1eccf1a1a6bd,2026-08-11T00:30:30.444528+00:00,Use to document the environment recovery actions needed before more official long runs.,"Operational recovery guidance only; does not install tools, run CFD, or improve metrics."
docs/experiments/casee/results/casee_failure_mode_atlas.csv,table_or_metric_csv,lightweight_release_asset,preexisting_artifact,limitations_ready_failure_mode_atlas,true,4461,4d13d4769ab4a4f1bd7b39f415f36fd3bb27f9420834b6ab78cfe034be08c553,2026-08-11T00:30:31.798237+00:00,Use to structure limitations and software-feedback discussion without claiming formal accuracy.,Synthesis of existing diagnostics only; does not add a new solver result.
docs/experiments/casee/results/casee_failure_mode_atlas.json,manifest_or_gate_json,lightweight_release_asset,newly_run,limitations_ready_failure_mode_atlas,true,10981,db10970adb5c5628bd1a2bfdb066800bd6b360b7f296a7f3936eecb0c9cd6188,2026-08-11T00:30:31.797281+00:00,Use to structure limitations and software-feedback discussion without claiming formal accuracy.,Synthesis of existing diagnostics only; does not add a new solver result.
docs/experiments/casee/results/casee_failure_mode_atlas.md,report_or_protocol_markdown,lightweight_release_asset,preexisting_artifact,limitations_ready_failure_mode_atlas,true,6067,acf5232859bbef7862bd6df5e3b2f610f5a21b720f2a0ceeb26885bda9368f0c,2026-08-11T00:30:31.798237+00:00,Use to structure limitations and software-feedback discussion without claiming formal accuracy.,Synthesis of existing diagnostics only; does not add a new solver result.
docs/experiments/casee/results/casee_failure_mode_atlas.png,figure,lightweight_release_asset,preexisting_artifact,limitations_ready_failure_mode_atlas,true,52484,7695799e7e89662adeb86c1322ff0c3aa029413ab6a5350dca9b582966284602,2026-08-11T00:30:31.795058+00:00,Use to structure limitations and software-feedback discussion without claiming formal accuracy.,Synthesis of existing diagnostics only; does not add a new solver result.
docs/experiments/casee/results/casee_ground_nu_diagnostic_comparison.csv,table_or_metric_csv,lightweight_release_asset,newly_run,paper_ready_reproducibility,true,549,543aec4940d1548e36e929ffc9af07f894d89f10b96be7190204366bbc39e529,2026-08-01T10:13:35.329393+00:00,"Use as reproducibility support, not as standalone accuracy proof.",
docs/experiments/casee/results/casee_inlet_profile_audit.csv,table_or_metric_csv,lightweight_release_asset,preexisting_artifact,paper_ready_reproducibility,true,469,4e77a958c351be3282074e258668965b63512f15553ed3ae2215fdd3fe88ae96,2026-08-11T00:30:25.165575+00:00,"Use as reproducibility support, not as standalone accuracy proof.",
docs/experiments/casee/results/casee_inlet_profile_audit.png,figure,lightweight_release_asset,preexisting_artifact,paper_ready_reproducibility,true,44552,83babde6356a3a240555c06931f619c17250470b19f3a38cee9b924d6a8450a0,2026-08-11T00:30:28.270386+00:00,"Use as reproducibility support, not as standalone accuracy proof.",
docs/experiments/casee/results/casee_manuscript_claim_matrix.csv,table_or_metric_csv,lightweight_release_asset,newly_run,paper_ready_reproducibility,true,9496,d3c8dc2e73377c752a616483a2c717d4f278156c8c31a9cac5011832967c9ff6,2026-08-11T00:30:28.635276+00:00,"Use as reproducibility support, not as standalone accuracy proof.",
docs/experiments/casee/results/casee_manuscript_claim_matrix.json,manifest_or_gate_json,lightweight_release_asset,preexisting_artifact,paper_ready_reproducibility,true,13189,aa58974911b2463426b28d96e471dc6a1dd1d00c7f2fe4eeb437a0f64ae70a41,2026-08-11T00:30:28.636288+00:00,"Use as reproducibility support, not as standalone accuracy proof.",
docs/experiments/casee/results/casee_manuscript_evidence_summary.md,report_or_protocol_markdown,lightweight_release_asset,preexisting_artifact,paper_ready_reproducibility,true,6369,6de91a8f078a1dd2cc155f57a5a7d6e0e48b2194f8ac29783acb75eca348a977,2026-08-11T00:30:28.637074+00:00,"Use as reproducibility support, not as standalone accuracy proof.",
docs/experiments/casee/results/casee_manuscript_results_table.csv,table_or_metric_csv,lightweight_release_asset,preexisting_artifact,paper_ready_manuscript_results_table,true,3565,41f26a5b681d88f5af21aae4f848306d3ac601cd44b0e82e90941be6f0ca159a,2026-08-11T00:30:36.064139+00:00,Use as the manuscript-facing Case E result table with formal and diagnostic boundaries.,Manuscript result formatting only; formal official row remains negative validation and diagnostic rows remain limitations-only.
docs/experiments/casee/results/casee_manuscript_results_table.json,manifest_or_gate_json,lightweight_release_asset,newly_run,paper_ready_manuscript_results_table,true,6806,7fcdd9271876f631e374987ea4482351b6f1da7875fcb3234391e5f1ab438742,2026-08-11T00:30:36.063436+00:00,Use as the manuscript-facing Case E result table with formal and diagnostic boundaries.,Manuscript result formatting only; formal official row remains negative validation and diagnostic rows remain limitations-only.
docs/experiments/casee/results/casee_manuscript_results_table.md,report_or_protocol_markdown,lightweight_release_asset,preexisting_artifact,paper_ready_manuscript_results_table,true,3276,bc955aa66a94572b459734ae21a0a48f946287fc30657ad5f7798b9de8759b90,2026-08-11T00:30:36.064884+00:00,Use as the manuscript-facing Case E result table with formal and diagnostic boundaries.,Manuscript result formatting only; formal official row remains negative validation and diagnostic rows remain limitations-only.
docs/experiments/casee/results/casee_manuscript_section_pack.json,manifest_or_gate_json,lightweight_release_asset,newly_run,paper_ready_section_pack_negative_validation,true,1644,44532172ef61b64a420bfb4441c5710ca26116bf2551a1bb6ccc24e1e6113b0d,2026-08-11T00:30:36.191172+00:00,Use as paper-ready Results/Discussion/Limitations prose for negative validation only.,Formal metric fails; do not claim predictive accuracy.
docs/experiments/casee/results/casee_manuscript_section_pack_qa.md,report_or_protocol_markdown,lightweight_release_asset,preexisting_artifact,paper_ready_section_pack_negative_validation,true,857,afad4ffc54d1b417b168572e9fe49b6d718978715b2b36fd0d168d95d4c6a904,2026-08-11T00:30:36.191368+00:00,Use as paper-ready Results/Discussion/Limitations prose for negative validation only.,Formal metric fails; do not claim predictive accuracy.
docs/experiments/casee/results/casee_metrics.csv,table_or_metric_csv,lightweight_release_asset,preexisting_artifact,limitations_ready_negative_validation,true,163,a19e0f80d2c68afa7cc1e3fe59dd1e773f5c4e7930b381799d6bdb56e828051b,2026-08-11T00:30:26.012419+00:00,Use as official z=2 m negative validation evidence.,Formal metric fails; do not claim predictive accuracy.
docs/experiments/casee/results/casee_native_dx2_gshift1_nu001_pmodes_probe_time_mean.csv,table_or_metric_csv,lightweight_release_asset,preexisting_artifact,paper_ready_reproducibility,true,10071,b2d2a0302f056ee1c1ce91ee52a9d92576161152108b3e1adecc855b8e0d59f4,2026-08-01T11:07:19.609009+00:00,"Use as reproducibility support, not as standalone accuracy proof.",
docs/experiments/casee/results/casee_native_dx2_gshift1_nu001_probe_time_mean.csv,table_or_metric_csv,lightweight_release_asset,preexisting_artifact,paper_ready_reproducibility,true,5854,23e857da30f164dbe6a01525bc23e0d16c20c7314f1d9589f53cfe10c75404e5,2026-08-01T10:08:51.091983+00:00,"Use as reproducibility support, not as standalone accuracy proof.",
docs/experiments/casee/results/casee_native_dx2_gshift1_nu005_probe_time_mean.csv,table_or_metric_csv,lightweight_release_asset,preexisting_artifact,paper_ready_reproducibility,true,5854,795b65b6fe5956abcec8d3685c87c6f6f9ddf5c79aac4e118c9300315befac00,2026-08-01T10:02:17.367217+00:00,"Use as reproducibility support, not as standalone accuracy proof.",
docs/experiments/casee/results/casee_native_dx2_gshift1_probe_time_mean.csv,table_or_metric_csv,lightweight_release_asset,preexisting_artifact,paper_ready_reproducibility,true,5854,c2cd37b31565c06dda7b6a0208b3beaac8cceecab7f27a261f0c60fde0cd26d4,2026-08-01T09:56:25.112785+00:00,"Use as reproducibility support, not as standalone accuracy proof.",
docs/experiments/casee/results/casee_native_dx2_sampledt2000_probe_time_mean.csv,table_or_metric_csv,lightweight_release_asset,preexisting_artifact,paper_ready_reproducibility,true,5854,8d7ca2cf335951549b734a14db8fb0a4ae53852246928d3130799fe108187b15,2026-08-01T09:42:08.356038+00:00,"Use as reproducibility support, not as standalone accuracy proof.",
docs/experiments/casee/results/casee_native_dx2_zcenter_gshift1_nu001_pmodes_probe_time_mean.csv,table_or_metric_csv,lightweight_release_asset,preexisting_artifact,paper_ready_reproducibility,true,10071,a3ec4396a6722aaf2b7432ea976892423f4d31c528f180fd668731757650bb97,2026-08-01T11:28:45.792455+00:00,"Use as reproducibility support, not as standalone accuracy proof.",
docs/experiments/casee/results/casee_native_dx2_zcenter_rerun_20260809_203439_probe_time_mean.csv,table_or_metric_csv,lightweight_release_asset,preexisting_artifact,paper_ready_reproducibility_failed_metric,true,10071,a3ec4396a6722aaf2b7432ea976892423f4d31c528f180fd668731757650bb97,2026-08-09T12:37:10.158516+00:00,Use to show the current compiled z-center Case E run reproduces the same official z=2 m failure metric.,
docs/experiments/casee/results/casee_native_dx3_nosgs_probe_time_mean.csv,table_or_metric_csv,lightweight_release_asset,preexisting_artifact,paper_ready_reproducibility,true,5934,360ddfca6ca4725ec9e8e82a6793643ec475d227b14eef0fe186759e08be9f75,2026-08-01T09:28:30.206772+00:00,"Use as reproducibility support, not as standalone accuracy proof.",
docs/experiments/casee/results/casee_native_dx3_probe_time_mean.csv,table_or_metric_csv,lightweight_release_asset,preexisting_artifact,paper_ready_reproducibility,true,5934,9e6e3188a012bd1a8c3f83070dd340494afc838b1403583cc930b4e8c0e03a7d,2026-08-01T09:19:22.984187+00:00,"Use as reproducibility support, not as standalone accuracy proof.",
docs/experiments/casee/results/casee_native_dx3_yp_probe_time_mean.csv,table_or_metric_csv,lightweight_release_asset,preexisting_artifact,paper_ready_reproducibility,true,5934,f21e0c5ba663bbd1d707bf15f87582581d5d6b1a1ad932827a47abeeb69c74bc,2026-08-01T09:23:42.348626+00:00,"Use as reproducibility support, not as standalone accuracy proof.",
docs/experiments/casee/results/casee_native_metric_comparison.csv,table_or_metric_csv,lightweight_release_asset,newly_run,paper_ready_reproducibility,true,866,d259af77c6e19cbf69353a151cfcc60234a42ba541e097460274ca5378d9d8c5,2026-08-01T09:45:19.875620+00:00,"Use as reproducibility support, not as standalone accuracy proof.",
docs/experiments/casee/results/casee_next_experiment_runbook.csv,table_or_metric_csv,lightweight_release_asset,preexisting_artifact,blocked_followup_runbook,true,5858,93ac2769921bdc2c75747f704bfa15a9c723c8439110b69cb2618e46abd2de98,2026-08-11T00:30:40.038688+00:00,Use to document future commands and formal-result policy.,Future-run command matrix only; not solver-output evidence.
docs/experiments/casee/results/casee_next_experiment_runbook.json,manifest_or_gate_json,lightweight_release_asset,newly_run,blocked_followup_runbook,true,9477,2f7e3cc2a9effde9191267b177d89fa3331ef697fe62f141f6d23dc05f39432b,2026-08-11T00:30:40.037753+00:00,Use to document future commands and formal-result policy.,Future-run command matrix only; not solver-output evidence.
docs/experiments/casee/results/casee_next_experiment_runbook.md,report_or_protocol_markdown,lightweight_release_asset,preexisting_artifact,blocked_followup_runbook,true,7469,d548ef2f0eea115d225da7d3375b98d491459a5df00e5bc569185ce8298bd22c,2026-08-11T00:30:40.039141+00:00,Use to document future commands and formal-result policy.,Future-run command matrix only; not solver-output evidence.
docs/experiments/casee/results/casee_nu001_error_diagnostics.csv,table_or_metric_csv,lightweight_release_asset,newly_run,paper_ready_reproducibility,true,701,adca6765affa6e7521799a2082ea083db541fdaa0036cbfdad6f35aba1b87641,2026-08-01T10:16:11.928564+00:00,"Use as reproducibility support, not as standalone accuracy proof.",
docs/experiments/casee/results/casee_official_ac_N_probes.csv,table_or_metric_csv,lightweight_release_asset,newly_run,paper_ready_reproducibility,true,2347,a3c95ffe21e0dc3beaa7bc1c7f47d655f6a7bc1d736c024b7f2aa4e84ca55752,2026-08-11T00:30:25.165399+00:00,"Use as reproducibility support, not as standalone accuracy proof.",
docs/experiments/casee/results/casee_official_probe_map.png,figure,lightweight_release_asset,preexisting_artifact,paper_ready_reproducibility,true,85507,2ab8f0d4f609e39cf5700a8af29db30c99afbb9ff0cf8623f375e7bb5986f8d5,2026-08-11T00:30:28.065163+00:00,"Use as reproducibility support, not as standalone accuracy proof.",
docs/experiments/casee/results/casee_official_run_preflight.csv,table_or_metric_csv,lightweight_release_asset,preexisting_artifact,blocked_official_followup_preflight,true,2549,fa2dec0a9bfbb4dda7bd227567803a6754a6962015f6490c7ef4c6e5e864170b,2026-08-11T00:30:30.108469+00:00,Use to document why another official native Case E follow-up run is or is not currently allowed.,Preflight evidence only; does not add solver output or improve the official metric.
docs/experiments/casee/results/casee_official_run_preflight.json,manifest_or_gate_json,lightweight_release_asset,newly_run,blocked_official_followup_preflight,true,8575,0c78e1eaf46e104f82dc88427fd32f383cafc5f9b9b4a275e3dbba38c938fab5,2026-08-11T00:30:30.107837+00:00,Use to document why another official native Case E follow-up run is or is not currently allowed.,Preflight evidence only; does not add solver output or improve the official metric.
docs/experiments/casee/results/casee_official_run_preflight.md,report_or_protocol_markdown,lightweight_release_asset,preexisting_artifact,blocked_official_followup_preflight,true,2017,93f0b97228cdc2b5cf59fe103f87fd074386a8f74d3bb3d000051e0b4efd0fd1,2026-08-11T00:30:30.108844+00:00,Use to document why another official native Case E follow-up run is or is not currently allowed.,Preflight evidence only; does not add solver output or improve the official metric.
docs/experiments/casee/results/casee_paper_appendix_manifest.json,manifest_or_gate_json,lightweight_release_asset,newly_run,paper_ready_reproducibility_appendix,true,1356,2bcc304c99cee5389ab8d5ad14ee4a99643fabae0b955d18fc855c9d03c7032d,2026-08-11T00:30:39.771263+00:00,"Use as a paper-facing reproducibility appendix, not as accuracy proof.",
docs/experiments/casee/results/casee_paper_evidence_gate.json,manifest_or_gate_json,lightweight_release_asset,newly_run,paper_ready_traceability,true,10981,5397d1590e110b3486c37530ff900080e25074c138cf5155378c9a5bc06669a5,2026-08-11T00:23:39.102535+00:00,Use to prove claim-boundary and artifact traceability checks.,
docs/experiments/casee/results/casee_paper_evidence_gate.md,report_or_protocol_markdown,lightweight_release_asset,preexisting_artifact,paper_ready_traceability,true,6219,1e22a58808b9e4a17ff2f14aab0d396414e3518e134f9066e873ae9555ce60ce,2026-08-11T00:23:39.102937+00:00,Use to prove claim-boundary and artifact traceability checks.,
docs/experiments/casee/results/casee_paper_results_figure.png,figure,lightweight_release_asset,preexisting_artifact,paper_ready_figure_negative_validation,true,202797,fe7e4b5852bd16759b62b00175b9c1e79181ce443782d01b88f1f6543d5cc931,2026-08-11T00:30:38.303731+00:00,Use as a paper figure for negative validation and limitations only.,Formal metric fails; do not claim predictive accuracy.
docs/experiments/casee/results/casee_paper_results_figure.svg,other,hash_record_only,preexisting_artifact,paper_ready_figure_negative_validation,true,97640,f5cf01e44787241973ed73786ac36c5b183d8b4723596423db1fb86848a33ce2,2026-08-11T00:30:38.307984+00:00,Use as a paper figure for negative validation and limitations only.,Formal metric fails; do not claim predictive accuracy.
docs/experiments/casee/results/casee_paper_results_figure_qa.json,manifest_or_gate_json,lightweight_release_asset,newly_run,paper_ready_figure_negative_validation,true,2230,8f6b61d7dfe0ba90f1d64cf12b0fea50d4f8a26354e6c1192e71a66a882c56bf,2026-08-11T00:30:38.313080+00:00,Use as a paper figure for negative validation and limitations only.,Formal metric fails; do not claim predictive accuracy.
docs/experiments/casee/results/casee_paper_results_figure_qa.md,report_or_protocol_markdown,lightweight_release_asset,preexisting_artifact,paper_ready_figure_negative_validation,true,1353,29a22332c8839d7aea64c5af9c178e62a371b651ce7a0593d5947d5728f21166,2026-08-11T00:30:38.313764+00:00,Use as a paper figure for negative validation and limitations only.,Formal metric fails; do not claim predictive accuracy.
docs/experiments/casee/results/casee_paper_results_figure_source.csv,table_or_metric_csv,lightweight_release_asset,preexisting_artifact,paper_ready_figure_negative_validation,true,1350,a4dadabe6de2dac38521d339d0db355d5c1ab8a37128e3cb5f044657e65eb2bb,2026-08-11T00:30:36.331292+00:00,Use as a paper figure for negative validation and limitations only.,Formal metric fails; do not claim predictive accuracy.
docs/experiments/casee/results/casee_probe_mode_metrics.csv,table_or_metric_csv,lightweight_release_asset,newly_run,limitations_ready_diagnostic,true,986,3be4ccb344e07922b65866a52cf74710f750f4316ed80fffbb0014a82f75517a,2026-08-01T11:09:37.641905+00:00,Use for limitations and error-mechanism discussion only.,Diagnostic only; do not report as formal official z=2 m accuracy.
docs/experiments/casee/results/casee_probe_mode_metrics.md,report_or_protocol_markdown,lightweight_release_asset,preexisting_artifact,limitations_ready_diagnostic,true,2788,6eb49d7c1899b15f1910f65b6c9bd99f18a07f7f71841a278f08780888fe2fb0,2026-08-01T11:09:37.644731+00:00,Use for limitations and error-mechanism discussion only.,Diagnostic only; do not report as formal official z=2 m accuracy.
docs/experiments/casee/results/casee_probe_mode_metrics.png,figure,lightweight_release_asset,preexisting_artifact,limitations_ready_diagnostic,true,74461,486d6feeb591ea1274e807678132f38e8d05205f4f2fc79e56675240af47a6e3,2026-08-01T11:09:39.476488+00:00,Use for limitations and error-mechanism discussion only.,Diagnostic only; do not report as formal official z=2 m accuracy.
docs/experiments/casee/results/casee_probe_mode_solid_corner_groups.csv,table_or_metric_csv,lightweight_release_asset,preexisting_artifact,limitations_ready_diagnostic,true,3092,f6dfb4f74cd2e38a9daba293b000a2f0d8e2f7004bbbaa8f58ab1320f63d1a98,2026-08-01T11:09:37.643531+00:00,Use for limitations and error-mechanism discussion only.,Diagnostic only; do not report as formal official z=2 m accuracy.
docs/experiments/casee/results/casee_probe_modes_compile_manifest.json,manifest_or_gate_json,lightweight_release_asset,newly_run,limitations_ready_diagnostic,true,2784,63b5684a0b67b8beb37318e144fba6be5341750bd84304697381cd4f24af1072,2026-08-01T11:09:37.690127+00:00,Use for limitations and error-mechanism discussion only.,Diagnostic only; do not report as formal official z=2 m accuracy.
docs/experiments/casee/results/casee_probe_residuals.csv,table_or_metric_csv,lightweight_release_asset,preexisting_artifact,paper_ready_reproducibility,true,8439,0299f49a631240007962fe318e983dd34be3fb9fb8cfd019e779064157b04405,2026-08-11T00:30:25.167209+00:00,"Use as reproducibility support, not as standalone accuracy proof.",
docs/experiments/casee/results/casee_remaining_blockers.csv,table_or_metric_csv,lightweight_release_asset,preexisting_artifact,blocked_followup_plan,true,3819,1e365df3eaff8b4fb7a1a402c6ee31ae45899a86165952f3f6ea90d7823df260,2026-08-11T00:30:39.900268+00:00,Use to document the concrete blockers and next validation actions.,Planning evidence only; does not improve or replace official z=2 m metrics.
docs/experiments/casee/results/casee_remaining_blockers.json,manifest_or_gate_json,lightweight_release_asset,newly_run,blocked_followup_plan,true,7921,d71d63ecef65258bb70eb210e34c6e80c00236edffe89db0b51ec49db2a49db6,2026-08-11T00:30:39.898488+00:00,Use to document the concrete blockers and next validation actions.,Planning evidence only; does not improve or replace official z=2 m metrics.
docs/experiments/casee/results/casee_remaining_blockers.md,report_or_protocol_markdown,lightweight_release_asset,preexisting_artifact,blocked_followup_plan,true,5259,687e7386677602e87f398f783f4a11e3653c0137ec729bdb2183d7e2d722af66,2026-08-11T00:30:39.901271+00:00,Use to document the concrete blockers and next validation actions.,Planning evidence only; does not improve or replace official z=2 m metrics.
docs/experiments/casee/results/casee_reproducibility_suite.json,manifest_or_gate_json,lightweight_release_asset,newly_run,paper_ready_traceability,true,471983,36df477bdfce6295990d5cae517e5b18a3eaf8ac2c2731f4c8aa994132a42458,2026-08-11T00:23:39.227370+00:00,Use to prove claim-boundary and artifact traceability checks.,
docs/experiments/casee/results/casee_reproducibility_suite.md,report_or_protocol_markdown,lightweight_release_asset,preexisting_artifact,paper_ready_traceability,true,2411,c573a4efc758f07311e84aac266b00f24dac237a713d627fdb17aff21cb7bb69,2026-08-11T00:23:39.229509+00:00,Use to prove claim-boundary and artifact traceability checks.,
docs/experiments/casee/results/casee_solid_corner_group_metrics.csv,table_or_metric_csv,lightweight_release_asset,newly_run,paper_ready_reproducibility,true,373,21959a146b0718a3b705d5caded167a65b18772163133fa939cc3f5b21d3677b,2026-08-11T00:30:25.168200+00:00,"Use as reproducibility support, not as standalone accuracy proof.",
docs/experiments/casee/results/casee_solver_run_provenance_ledger.csv,table_or_metric_csv,lightweight_release_asset,preexisting_artifact,paper_ready_reproducibility,false,17562,b9736a6b84d48d4a0e4af1eb491f5c84ee8590427bfcc7c37cb20a72eeec405c,2026-08-11T00:30:35.216827+00:00,"Use as reproducibility support, not as standalone accuracy proof.",
docs/experiments/casee/results/casee_solver_run_provenance_ledger.json,manifest_or_gate_json,lightweight_release_asset,newly_run,paper_ready_reproducibility,false,28455,98fe983863ff0dd13d75fc3bb4bbcfb6ef820b69e70ea01ea1f6ce2e5e03f05f,2026-08-11T00:30:35.212951+00:00,"Use as reproducibility support, not as standalone accuracy proof.",
docs/experiments/casee/results/casee_solver_run_provenance_ledger.md,report_or_protocol_markdown,lightweight_release_asset,preexisting_artifact,paper_ready_reproducibility,false,7206,52639f59d6efb4281a476b8248f4c5e8327fb5f26e3d3fba8f7994290b12e42d,2026-08-11T00:30:35.218129+00:00,"Use as reproducibility support, not as standalone accuracy proof.",
docs/experiments/casee/results/casee_spatial_alignment_diagnostic.csv,table_or_metric_csv,lightweight_release_asset,newly_run,limitations_ready_diagnostic,true,1273,4b747ae1c7118f71c53ff32d0360dea6fc8b8327338b7ef06b8bd55e8c0b80a9,2026-08-01T10:59:54.081883+00:00,Use for limitations and error-mechanism discussion only.,Diagnostic only; do not report as formal official z=2 m accuracy.
docs/experiments/casee/results/casee_spatial_alignment_diagnostic.md,report_or_protocol_markdown,lightweight_release_asset,preexisting_artifact,limitations_ready_diagnostic,true,1715,7ae3a40ef9d7b28ec882f2762e42c2e316f5ee7853f853095db9ab54f98810d3,2026-08-01T10:59:54.082906+00:00,Use for limitations and error-mechanism discussion only.,Diagnostic only; do not report as formal official z=2 m accuracy.
docs/experiments/casee/results/casee_spatial_alignment_diagnostic.png,figure,lightweight_release_asset,preexisting_artifact,limitations_ready_diagnostic,true,76378,f0c4cbfad6d95fa05079a3365b50ff34d70b43d4ea04ee9feeebb3029fd04e79,2026-08-01T10:59:56.050964+00:00,Use for limitations and error-mechanism discussion only.,Diagnostic only; do not report as formal official z=2 m accuracy.
docs/experiments/casee/results/casee_validation_report.md,report_or_protocol_markdown,lightweight_release_asset,preexisting_artifact,limitations_ready_negative_validation,true,6003,4d52aa3626e37da368cd5fdf6d483b961fdf9b29d1abea15a2af57323c3b75bf,2026-08-11T00:30:28.278401+00:00,Use as official z=2 m negative validation evidence.,Formal metric fails; do not claim predictive accuracy.
docs/experiments/casee/results/casee_validation_summary.xlsx,summary_workbook,lightweight_release_asset,preexisting_artifact,paper_ready_reproducibility,true,16383,550af2a07584f7f5cd251ccb06d11f42f5d495e90260d870782cb565033503de,2026-08-11T00:30:27.008060+00:00,"Use as reproducibility support, not as standalone accuracy proof.",
docs/experiments/casee/results/casee_voxel_probe_audit.csv,table_or_metric_csv,lightweight_release_asset,preexisting_artifact,limitations_ready_diagnostic,true,18436,bb553f7cdef67751b04876894c82f9dd0b1a092933f77b5351012c3e78d655c3,2026-08-01T11:19:41.060205+00:00,Use for limitations and error-mechanism discussion only.,Diagnostic only; do not report as formal official z=2 m accuracy.
docs/experiments/casee/results/casee_voxel_probe_audit.md,report_or_protocol_markdown,lightweight_release_asset,preexisting_artifact,limitations_ready_diagnostic,true,1832,7ed66247a41e2890e96a7cb84059b94b9a88cbaddab3ca4242e7786b31455a10,2026-08-01T11:19:41.062263+00:00,Use for limitations and error-mechanism discussion only.,Diagnostic only; do not report as formal official z=2 m accuracy.
docs/experiments/casee/results/casee_voxel_probe_audit.png,figure,lightweight_release_asset,preexisting_artifact,limitations_ready_diagnostic,true,140601,309d97794fb0b13a8171583e0749c25e64c4f88dacfa90e9e7d4e02de91c4f1a,2026-08-01T11:19:42.938759+00:00,Use for limitations and error-mechanism discussion only.,Diagnostic only; do not report as formal official z=2 m accuracy.
docs/experiments/casee/results/casee_voxel_probe_audit_groups.csv,table_or_metric_csv,lightweight_release_asset,newly_run,limitations_ready_diagnostic,true,577,dc0f074717c57be2029c96dd2fb92fccacdbf3b8b5c46057e2c469773d01c6d5,2026-08-01T11:19:41.060996+00:00,Use for limitations and error-mechanism discussion only.,Diagnostic only; do not report as formal official z=2 m accuracy.
docs/experiments/casee/results/casee_zcenter_probe_mode_metrics.csv,table_or_metric_csv,lightweight_release_asset,newly_run,limitations_ready_diagnostic,true,982,58961ab3036c519f6d5665f17239c47007f2b2f34d86dc84aca139eb4bcc1a60,2026-08-01T11:30:28.663333+00:00,Use for limitations and error-mechanism discussion only.,Diagnostic only; do not report as formal official z=2 m accuracy.
docs/experiments/casee/results/casee_zcenter_probe_mode_metrics.md,report_or_protocol_markdown,lightweight_release_asset,preexisting_artifact,limitations_ready_diagnostic,true,2503,2caa76a9ad9edb692ac2fa9a4e2e143f903322861805e34fe551572daefc9910,2026-08-01T11:30:28.665683+00:00,Use for limitations and error-mechanism discussion only.,Diagnostic only; do not report as formal official z=2 m accuracy.
docs/experiments/casee/results/casee_zcenter_probe_mode_metrics.png,figure,lightweight_release_asset,preexisting_artifact,limitations_ready_diagnostic,true,79961,3260b53a55c2b10400515d6d3bd9091de1bf0cf5c2fa73de84a892ec6d96ba39,2026-08-01T11:30:30.522112+00:00,Use for limitations and error-mechanism discussion only.,Diagnostic only; do not report as formal official z=2 m accuracy.
docs/experiments/casee/results/casee_zcenter_probe_mode_solid_corner_groups.csv,table_or_metric_csv,lightweight_release_asset,preexisting_artifact,limitations_ready_diagnostic,true,2473,3ad8cdbb9d4bc5632221a35d126c6db437128170cc1adc75db250b2462421fbc,2026-08-01T11:30:28.664884+00:00,Use for limitations and error-mechanism discussion only.,Diagnostic only; do not report as formal official z=2 m accuracy.
docs/experiments/casee/results/casee_zcenter_rerun_consistency.csv,table_or_metric_csv,lightweight_release_asset,preexisting_artifact,paper_ready_reproducibility_failed_metric,true,571,893873deee2d030d9e60a203ad028a30df5868f5fe47dcb61194fca71cf08de4,2026-08-11T00:30:32.107619+00:00,Use to show the current compiled z-center Case E run reproduces the same official z=2 m failure metric.,
docs/experiments/casee/results/casee_zcenter_rerun_consistency.json,manifest_or_gate_json,lightweight_release_asset,newly_run,paper_ready_reproducibility_failed_metric,true,2494,393231d8b1a1ebe0afbf37713c7b791caefc9f203c6853b5feac1b606d130d92,2026-08-11T00:30:32.106776+00:00,Use to show the current compiled z-center Case E run reproduces the same official z=2 m failure metric.,
docs/experiments/casee/results/casee_zcenter_rerun_consistency.md,report_or_protocol_markdown,lightweight_release_asset,preexisting_artifact,paper_ready_reproducibility_failed_metric,true,1206,3a0ad278af8e3afda45e6503ff0f83f1643df45a88facdb6e015009016c9f555,2026-08-11T00:30:32.107831+00:00,Use to show the current compiled z-center Case E run reproduces the same official z=2 m failure metric.,
docs/experiments/casee/results/casee_zcenter_voxel_probe_audit.csv,table_or_metric_csv,lightweight_release_asset,preexisting_artifact,limitations_ready_diagnostic,true,18799,72649a9655920389a6febb3007a1b28216cb22fb7466340b283815c46dc70c11,2026-08-01T11:30:58.382070+00:00,Use for limitations and error-mechanism discussion only.,Diagnostic only; do not report as formal official z=2 m accuracy.
docs/experiments/casee/results/casee_zcenter_voxel_probe_audit.md,report_or_protocol_markdown,lightweight_release_asset,preexisting_artifact,limitations_ready_diagnostic,true,1816,5f1df1b7e9b69b5786aa32b28a35f58a336a3b35641d3dc3b79b710c50ca8be3,2026-08-01T11:30:58.384575+00:00,Use for limitations and error-mechanism discussion only.,Diagnostic only; do not report as formal official z=2 m accuracy.
docs/experiments/casee/results/casee_zcenter_voxel_probe_audit.png,figure,lightweight_release_asset,preexisting_artifact,limitations_ready_diagnostic,true,136965,2e550f8c17658452668cf807eba1172224ff6734b1e8d3c62f1b897b143b0cea,2026-08-01T11:31:00.340015+00:00,Use for limitations and error-mechanism discussion only.,Diagnostic only; do not report as formal official z=2 m accuracy.
docs/experiments/casee/results/casee_zcenter_voxel_probe_audit_groups.csv,table_or_metric_csv,lightweight_release_asset,newly_run,limitations_ready_diagnostic,true,551,dcf90ab869ee70f4d01af830b6d28653632e0f1fd2e013b9ae0f74d1a1f3c993,2026-08-01T11:30:58.382361+00:00,Use for limitations and error-mechanism discussion only.,Diagnostic only; do not report as formal official z=2 m accuracy.
docs/experiments/casee/results/citylbm_build_check.log,run_or_build_log,hash_record_only,newly_run,paper_ready_reproducibility,true,69986,1dc65c433a8db99ad7122e7c757b2217e996b08031c246114036fb776b27e8bb,2026-08-11T00:30:25.002656+00:00,"Use as reproducibility support, not as standalone accuracy proof.",
docs/experiments/casee/results/citylbm_manifest_output_gate.csv,table_or_metric_csv,lightweight_release_asset,preexisting_artifact,paper_ready_manifest_traceability,true,4006,aa6ab3fb7d3e2e9128ef1d20d2bd2dc5dc76877862809fecac482782d78a8bcf,2026-08-11T00:30:35.780360+00:00,Use to show Run Simulation exposes the run manifest path for paper and reviewer traceability.,Manifest-output traceability only; does not prove Rhino loaded the new GHA or CFD accuracy.
docs/experiments/casee/results/citylbm_manifest_output_gate.json,manifest_or_gate_json,lightweight_release_asset,newly_run,paper_ready_manifest_traceability,true,7152,ef5d6dbf0ad41a96b04baa8a4961dc846966291ae8961547e34d8cf1bbd6153e,2026-08-11T00:30:35.778337+00:00,Use to show Run Simulation exposes the run manifest path for paper and reviewer traceability.,Manifest-output traceability only; does not prove Rhino loaded the new GHA or CFD accuracy.
docs/experiments/casee/results/citylbm_manifest_output_gate.md,report_or_protocol_markdown,lightweight_release_asset,preexisting_artifact,paper_ready_manifest_traceability,true,3712,760dcf2032274224026c9405741d85c65984c15f9a009529a97fcd5760d57522,2026-08-11T00:30:35.781605+00:00,Use to show Run Simulation exposes the run manifest path for paper and reviewer traceability.,Manifest-output traceability only; does not prove Rhino loaded the new GHA or CFD accuracy.
docs/experiments/casee/results/citylbm_manifest_schema_gate.csv,table_or_metric_csv,lightweight_release_asset,preexisting_artifact,paper_ready_manifest_schema_boundary,true,3022,bd5fba504d00df6735e4049c33551d132fe3863d7f65f15c6b392b6667245bd2,2026-08-11T00:30:35.931465+00:00,"Use as reproducibility support, not as standalone accuracy proof.",
docs/experiments/casee/results/citylbm_manifest_schema_gate.json,manifest_or_gate_json,lightweight_release_asset,newly_run,paper_ready_manifest_schema_boundary,true,5925,b6c5534b40461cf21ca58480caeb0c85f131016deaf82b8d8c7e28fd224624e7,2026-08-11T00:30:35.930757+00:00,"Use as reproducibility support, not as standalone accuracy proof.",
docs/experiments/casee/results/citylbm_manifest_schema_gate.md,report_or_protocol_markdown,lightweight_release_asset,preexisting_artifact,paper_ready_manifest_schema_boundary,true,1976,21ce511328ccc85123c1e182c47bc644466baabfccc2d1ea4d26dcf52d6c89f3,2026-08-11T00:30:35.931906+00:00,"Use as reproducibility support, not as standalone accuracy proof.",
docs/experiments/casee/results/citylbm_paper_results_packet.csv,table_or_metric_csv,lightweight_release_asset,preexisting_artifact,paper_ready_cross_experiment_results_packet,true,20116,3c3bde13e587865253b6f3d020eb94b7c6259a360dda8dafb702aa2263e14323,2026-08-11T00:30:35.653729+00:00,"Use to organize Experiments 1, 2, and 3 results into manuscript-ready and limitations-only rows.",Manuscript organization evidence only; does not add new CFD results or formal validation.
docs/experiments/casee/results/citylbm_paper_results_packet.json,manifest_or_gate_json,lightweight_release_asset,newly_run,paper_ready_cross_experiment_results_packet,true,29892,02759483b2af4954634fec29a61efda39e402beae0336047a7597928ac0b79d8,2026-08-11T00:30:35.651789+00:00,"Use to organize Experiments 1, 2, and 3 results into manuscript-ready and limitations-only rows.",Manuscript organization evidence only; does not add new CFD results or formal validation.
docs/experiments/casee/results/citylbm_paper_results_packet.md,report_or_protocol_markdown,lightweight_release_asset,preexisting_artifact,paper_ready_cross_experiment_results_packet,true,15182,7dfd924ce1dc9cbb14b300046abb231d61663ddf6b9c7f8042ea0705d2780fd9,2026-08-11T00:30:35.654251+00:00,"Use to organize Experiments 1, 2, and 3 results into manuscript-ready and limitations-only rows.",Manuscript organization evidence only; does not add new CFD results or formal validation.
docs/experiments/casee/results/citylbm_software_feedback_matrix.csv,table_or_metric_csv,lightweight_release_asset,preexisting_artifact,paper_ready_software_feedback_boundary,true,25647,8fd4eb3a70e3084c87aed9bba458c346bdee875ae48b842d559dd90d85753eea,2026-08-11T00:30:38.619735+00:00,"Use to trace how experiment findings are converted into defaults, diagnostic switches, and blockers.",Software-feedback boundary only; does not add solver output or justify formal accuracy.
docs/experiments/casee/results/citylbm_software_feedback_matrix.json,manifest_or_gate_json,lightweight_release_asset,newly_run,paper_ready_software_feedback_boundary,true,39607,f452650cb1257c5fe65b90e616e325ea07cb502135cfcf53bdf7d12d2bbb5cd1,2026-08-11T00:30:38.618045+00:00,"Use to trace how experiment findings are converted into defaults, diagnostic switches, and blockers.",Software-feedback boundary only; does not add solver output or justify formal accuracy.
docs/experiments/casee/results/citylbm_software_feedback_matrix.md,report_or_protocol_markdown,lightweight_release_asset,preexisting_artifact,paper_ready_software_feedback_boundary,true,16312,53e74eb806dd4375ec9473bd736654c0075f08e1f3a89faae831e7b90d156d15,2026-08-11T00:30:38.620046+00:00,"Use to trace how experiment findings are converted into defaults, diagnostic switches, and blockers.",Software-feedback boundary only; does not add solver output or justify formal accuracy.
docs/experiments/casee/results/dx1_feasibility_estimate.csv,table_or_metric_csv,lightweight_release_asset,newly_run,limitations_ready_diagnostic,true,781,deb4841d3a51122c3341e0f9ce113366048072d7c470bee7db3e62a4ffba74b1,2026-07-30T11:09:01.816825+00:00,Use for limitations and error-mechanism discussion only.,Diagnostic only; do not report as formal official z=2 m accuracy.
docs/experiments/casee/results/dx1_feasibility_estimate.md,report_or_protocol_markdown,lightweight_release_asset,preexisting_artifact,limitations_ready_diagnostic,true,670,6fb4022f2708510adfdcf7e1f760aa7edf09cdea9eac86d760b83d52355a9176,2026-07-30T11:09:01.817647+00:00,Use for limitations and error-mechanism discussion only.,Diagnostic only; do not report as formal official z=2 m accuracy.
docs/experiments/casee/results/environment_manifest.json,manifest_or_gate_json,lightweight_release_asset,newly_run,paper_ready_reproducibility,true,3194,3eccd6d4669fe6165fe728ced076557b1fe49592a706d1801270ed9e29868946,2026-08-11T00:30:25.824126+00:00,"Use as reproducibility support, not as standalone accuracy proof.",
docs/experiments/casee/results/fluidx3d_c002_dx2_longer_mean_compile.log,run_or_build_log,hash_record_only,preexisting_artifact,limitations_ready_completed_candidate,true,0,e3b0c44298fc1c149afbf4c8996fb92427ae41e4649b934ca495991b7852b855,2026-08-09T12:52:29.197196+00:00,Use to show the C002 longer-time-mean candidate was completed and did not improve official z=2 m metrics.,
docs/experiments/casee/results/fluidx3d_c002_dx2_longer_mean_run_20260809_205343.err.log,run_or_build_log,hash_record_only,preexisting_artifact,limitations_ready_completed_candidate,true,0,e3b0c44298fc1c149afbf4c8996fb92427ae41e4649b934ca495991b7852b855,2026-08-09T12:53:44.045605+00:00,Use to show the C002 longer-time-mean candidate was completed and did not improve official z=2 m metrics.,
docs/experiments/casee/results/fluidx3d_c002_dx2_longer_mean_run_20260809_205343.log,run_or_build_log,optional_log_asset,preexisting_artifact,limitations_ready_completed_candidate,true,3059628,c5a1c405adc9491707465348f575e426767399fc6762a402561d5ead79d25583,2026-08-09T13:13:22.765216+00:00,Use to show the C002 longer-time-mean candidate was completed and did not improve official z=2 m metrics.,
docs/experiments/casee/results/fluidx3d_c003_dx2_no_zcenter_compile.log,run_or_build_log,hash_record_only,preexisting_artifact,limitations_ready_zorigin_ablation,true,0,e3b0c44298fc1c149afbf4c8996fb92427ae41e4649b934ca495991b7852b855,2026-08-09T13:24:52.325278+00:00,Use to show the C003 no-z-center ablation worsened official z=2 m metrics and supports z-origin sensitivity as a limitation.,
docs/experiments/casee/results/fluidx3d_c003_dx2_no_zcenter_run_20260809_212601.err.log,run_or_build_log,hash_record_only,preexisting_artifact,limitations_ready_zorigin_ablation,true,0,e3b0c44298fc1c149afbf4c8996fb92427ae41e4649b934ca495991b7852b855,2026-08-09T13:26:02.031394+00:00,Use to show the C003 no-z-center ablation worsened official z=2 m metrics and supports z-origin sensitivity as a limitation.,
docs/experiments/casee/results/fluidx3d_c003_dx2_no_zcenter_run_20260809_212601.log,run_or_build_log,optional_log_asset,preexisting_artifact,limitations_ready_zorigin_ablation,true,547435,d5ede0670f4b37c977c8014ff261b8989360792d5b74b7ce31e9f7d9eda61ad9,2026-08-09T13:33:05.198909+00:00,Use to show the C003 no-z-center ablation worsened official z=2 m metrics and supports z-origin sensitivity as a limitation.,
docs/experiments/casee/results/fluidx3d_c004_dx3_low_cost_compile.log,run_or_build_log,hash_record_only,preexisting_artifact,limitations_ready_dx3_low_cost_regression,true,0,e3b0c44298fc1c149afbf4c8996fb92427ae41e4649b934ca495991b7852b855,2026-08-09T13:42:02.421683+00:00,Use to show the C004 dx=3 low-cost run kept positive correlation but did not improve official z=2 m metrics.,
docs/experiments/casee/results/fluidx3d_c004_dx3_low_cost_run_20260809_214302.err.log,run_or_build_log,hash_record_only,preexisting_artifact,limitations_ready_dx3_low_cost_regression,true,0,e3b0c44298fc1c149afbf4c8996fb92427ae41e4649b934ca495991b7852b855,2026-08-09T13:43:02.368526+00:00,Use to show the C004 dx=3 low-cost run kept positive correlation but did not improve official z=2 m metrics.,
docs/experiments/casee/results/fluidx3d_c004_dx3_low_cost_run_20260809_214302.log,run_or_build_log,hash_record_only,preexisting_artifact,limitations_ready_dx3_low_cost_regression,true,172798,214f9df2b9981c6ef23188e26e7484955677fcd51e0f0f8ea6fe419a8009a235,2026-08-09T13:45:15.715602+00:00,Use to show the C004 dx=3 low-cost run kept positive correlation but did not improve official z=2 m metrics.,
docs/experiments/casee/results/fluidx3d_c005_dx2_decomp4x1x1_compile.log,run_or_build_log,hash_record_only,preexisting_artifact,limitations_ready_decomposition_sensitivity,true,0,e3b0c44298fc1c149afbf4c8996fb92427ae41e4649b934ca495991b7852b855,2026-08-09T13:54:56.792669+00:00,Use to show the C005 4x1x1 domain-decomposition run improved MAE/R2 but was not reproducibility-consistent or default-promotable.,
docs/experiments/casee/results/fluidx3d_c005_dx2_decomp4x1x1_run_20260809_215600.err.log,run_or_build_log,hash_record_only,preexisting_artifact,limitations_ready_decomposition_sensitivity,true,0,e3b0c44298fc1c149afbf4c8996fb92427ae41e4649b934ca495991b7852b855,2026-08-09T13:56:00.183218+00:00,Use to show the C005 4x1x1 domain-decomposition run improved MAE/R2 but was not reproducibility-consistent or default-promotable.,
docs/experiments/casee/results/fluidx3d_c005_dx2_decomp4x1x1_run_20260809_215600.log,run_or_build_log,optional_log_asset,preexisting_artifact,limitations_ready_decomposition_sensitivity,true,564075,496ec61cb4840e39a8a25ce293057e7dcaf70dfa96b0acd3df5be8b0e342106a,2026-08-09T14:03:20.528587+00:00,Use to show the C005 4x1x1 domain-decomposition run improved MAE/R2 but was not reproducibility-consistent or default-promotable.,
docs/experiments/casee/results/fluidx3d_c006_inlet_k_synthetic_smoke_compile.log,run_or_build_log,hash_record_only,preexisting_artifact,paper_ready_reproducibility,false,0,e3b0c44298fc1c149afbf4c8996fb92427ae41e4649b934ca495991b7852b855,2026-08-09T14:17:20.838476+00:00,"Use as reproducibility support, not as standalone accuracy proof.",
docs/experiments/casee/results/fluidx3d_c006_inlet_k_synthetic_smoke_run_20260809_221825.err.log,run_or_build_log,hash_record_only,preexisting_artifact,paper_ready_reproducibility,false,0,e3b0c44298fc1c149afbf4c8996fb92427ae41e4649b934ca495991b7852b855,2026-08-09T14:18:25.548388+00:00,"Use as reproducibility support, not as standalone accuracy proof.",
docs/experiments/casee/results/fluidx3d_c006_inlet_k_synthetic_smoke_run_20260809_221825.log,run_or_build_log,hash_record_only,preexisting_artifact,paper_ready_reproducibility,false,32806,60eb882bdc3928fe2a3876e53506e1705c8b32d0679473d9ad216ade4ebdfbdd,2026-08-09T14:18:34.699491+00:00,"Use as reproducibility support, not as standalone accuracy proof.",
docs/experiments/casee/results/fluidx3d_c008_inlet_k_synthetic_compile.log,run_or_build_log,hash_record_only,preexisting_artifact,limitations_ready_inlet_turbulence_improvement,true,0,e3b0c44298fc1c149afbf4c8996fb92427ae41e4649b934ca495991b7852b855,2026-08-09T14:18:54.434281+00:00,Use to show AF-k synthetic full-plane inlet candidates substantially improved official-height MAE/R2/Pearson but still had negative R2.,
docs/experiments/casee/results/fluidx3d_c008_inlet_k_synthetic_run_20260809_221958.err.log,run_or_build_log,hash_record_only,preexisting_artifact,limitations_ready_inlet_turbulence_improvement,true,0,e3b0c44298fc1c149afbf4c8996fb92427ae41e4649b934ca495991b7852b855,2026-08-09T14:19:58.720015+00:00,Use to show AF-k synthetic full-plane inlet candidates substantially improved official-height MAE/R2/Pearson but still had negative R2.,
docs/experiments/casee/results/fluidx3d_c008_inlet_k_synthetic_run_20260809_221958.log,run_or_build_log,optional_log_asset,preexisting_artifact,limitations_ready_inlet_turbulence_improvement,true,1335204,e6c24cdc09cdf0da2f6a593c4db44c5508e2d3296ea62d81cf7e4833714f5ff2,2026-08-09T14:28:29.184786+00:00,Use to show AF-k synthetic full-plane inlet candidates substantially improved official-height MAE/R2/Pearson but still had negative R2.,
docs/experiments/casee/results/fluidx3d_c009_inlet_k_synthetic_s0p7_compile.log,run_or_build_log,hash_record_only,preexisting_artifact,limitations_ready_inlet_turbulence_improvement,true,0,e3b0c44298fc1c149afbf4c8996fb92427ae41e4649b934ca495991b7852b855,2026-08-09T14:29:16.251226+00:00,Use to show AF-k synthetic full-plane inlet candidates substantially improved official-height MAE/R2/Pearson but still had negative R2.,
docs/experiments/casee/results/fluidx3d_c009_inlet_k_synthetic_s0p7_run_20260809_223022.err.log,run_or_build_log,hash_record_only,preexisting_artifact,limitations_ready_inlet_turbulence_improvement,true,0,e3b0c44298fc1c149afbf4c8996fb92427ae41e4649b934ca495991b7852b855,2026-08-09T14:30:22.233455+00:00,Use to show AF-k synthetic full-plane inlet candidates substantially improved official-height MAE/R2/Pearson but still had negative R2.,
docs/experiments/casee/results/fluidx3d_c009_inlet_k_synthetic_s0p7_run_20260809_223022.log,run_or_build_log,optional_log_asset,preexisting_artifact,limitations_ready_inlet_turbulence_improvement,true,2294892,fdaa08157ddfe5a1483f94fbd64bd7362b3bab6912523df5ce93dff0d50e7cc6,2026-08-09T14:45:03.009666+00:00,Use to show AF-k synthetic full-plane inlet candidates substantially improved official-height MAE/R2/Pearson but still had negative R2.,
docs/experiments/casee/results/fluidx3d_c010_inlet_k_synthetic_s1p0_compile.log,run_or_build_log,hash_record_only,preexisting_artifact,limitations_ready_inlet_turbulence_improvement,true,0,e3b0c44298fc1c149afbf4c8996fb92427ae41e4649b934ca495991b7852b855,2026-08-09T14:54:08.881029+00:00,Use to show AF-k synthetic full-plane inlet candidates substantially improved official-height MAE/R2/Pearson but still had negative R2.,
docs/experiments/casee/results/fluidx3d_c010_inlet_k_synthetic_s1p0_run_20260809_225516.err.log,run_or_build_log,hash_record_only,preexisting_artifact,limitations_ready_inlet_turbulence_improvement,true,0,e3b0c44298fc1c149afbf4c8996fb92427ae41e4649b934ca495991b7852b855,2026-08-09T14:55:16.694804+00:00,Use to show AF-k synthetic full-plane inlet candidates substantially improved official-height MAE/R2/Pearson but still had negative R2.,
docs/experiments/casee/results/fluidx3d_c010_inlet_k_synthetic_s1p0_run_20260809_225516.log,run_or_build_log,optional_log_asset,preexisting_artifact,limitations_ready_inlet_turbulence_improvement,true,757840,43d8094f1e5ecea30ce4567e967a064d4b76c9a917448fde806796f1330146e6,2026-08-09T15:00:03.731414+00:00,Use to show AF-k synthetic full-plane inlet candidates substantially improved official-height MAE/R2/Pearson but still had negative R2.,
docs/experiments/casee/results/fluidx3d_c011_inlet_k_synthetic_s1p5_compile.log,run_or_build_log,hash_record_only,preexisting_artifact,limitations_ready_inlet_turbulence_improvement,true,0,e3b0c44298fc1c149afbf4c8996fb92427ae41e4649b934ca495991b7852b855,2026-08-09T15:00:43.747913+00:00,Use to show AF-k synthetic full-plane inlet candidates substantially improved official-height MAE/R2/Pearson but still had negative R2.,
docs/experiments/casee/results/fluidx3d_c011_inlet_k_synthetic_s1p5_run_20260809_230150.err.log,run_or_build_log,hash_record_only,preexisting_artifact,limitations_ready_inlet_turbulence_improvement,true,0,e3b0c44298fc1c149afbf4c8996fb92427ae41e4649b934ca495991b7852b855,2026-08-09T15:01:50.160009+00:00,Use to show AF-k synthetic full-plane inlet candidates substantially improved official-height MAE/R2/Pearson but still had negative R2.,
docs/experiments/casee/results/fluidx3d_c011_inlet_k_synthetic_s1p5_run_20260809_230150.log,run_or_build_log,optional_log_asset,preexisting_artifact,limitations_ready_inlet_turbulence_improvement,true,795586,238a710d0b801427536f32d427a235579b485e6e8ffc6bf1614a918f546a10cd,2026-08-09T15:06:53.075611+00:00,Use to show AF-k synthetic full-plane inlet candidates substantially improved official-height MAE/R2/Pearson but still had negative R2.,
docs/experiments/casee/results/fluidx3d_c012_inlet_k_synthetic_s2p0_compile.log,run_or_build_log,hash_record_only,preexisting_artifact,limitations_ready_inlet_turbulence_improvement,true,1668,79b0b49a8cf12419a0c50b467547582bda7e90d782b04cc37128aba904c232d5,2026-08-09T15:31:13.226046+00:00,Use to show AF-k synthetic full-plane inlet candidates substantially improved official-height MAE/R2/Pearson but still had negative R2.,
docs/experiments/casee/results/fluidx3d_c012_inlet_k_synthetic_s2p0_run_20260809_233100.err.log,run_or_build_log,hash_record_only,preexisting_artifact,limitations_ready_inlet_turbulence_improvement,true,0,e3b0c44298fc1c149afbf4c8996fb92427ae41e4649b934ca495991b7852b855,2026-08-09T15:31:23.095023+00:00,Use to show AF-k synthetic full-plane inlet candidates substantially improved official-height MAE/R2/Pearson but still had negative R2.,
docs/experiments/casee/results/fluidx3d_c012_inlet_k_synthetic_s2p0_run_20260809_233100.log,run_or_build_log,optional_log_asset,preexisting_artifact,limitations_ready_inlet_turbulence_improvement,true,765130,cc9ff0a1056109a4fadcaf4e9b1f5694892e869d446feecdf099f79576f0f446,2026-08-09T15:36:14.243859+00:00,Use to show AF-k synthetic full-plane inlet candidates substantially improved official-height MAE/R2/Pearson but still had negative R2.,
docs/experiments/casee/results/fluidx3d_c013_inlet_k_synthetic_s1p5_nosgs_compile.log,run_or_build_log,hash_record_only,preexisting_artifact,limitations_ready_inlet_turbulence_improvement,true,1668,c6d5f192bdac76f09ab4b054b26227fa77fd60d57e10adcca6e455371ad92517,2026-08-09T15:44:40.668027+00:00,Use to show AF-k synthetic full-plane inlet candidates substantially improved official-height MAE/R2/Pearson but still had negative R2.,
docs/experiments/casee/results/fluidx3d_c013_inlet_k_synthetic_s1p5_nosgs_run_20260809_234500.err.log,run_or_build_log,hash_record_only,preexisting_artifact,limitations_ready_inlet_turbulence_improvement,true,0,e3b0c44298fc1c149afbf4c8996fb92427ae41e4649b934ca495991b7852b855,2026-08-09T15:44:49.520670+00:00,Use to show AF-k synthetic full-plane inlet candidates substantially improved official-height MAE/R2/Pearson but still had negative R2.,
docs/experiments/casee/results/fluidx3d_c013_inlet_k_synthetic_s1p5_nosgs_run_20260809_234500.log,run_or_build_log,optional_log_asset,preexisting_artifact,limitations_ready_inlet_turbulence_improvement,true,753628,a193430bfacde4bdb38631b21b06c17fd85c35fe9e8e749fb789a6d6c63b91c2,2026-08-09T15:49:40.370502+00:00,Use to show AF-k synthetic full-plane inlet candidates substantially improved official-height MAE/R2/Pearson but still had negative R2.,
docs/experiments/casee/results/fluidx3d_c014_inlet_k_synthetic_s2p0_nosgs_compile.log,run_or_build_log,hash_record_only,preexisting_artifact,limitations_ready_inlet_turbulence_improvement,true,1668,9772a5425ca229d2fe002dead2dc1b3b5c676cead0f7a26ddad5a1dcede50c12,2026-08-09T15:50:37.482911+00:00,Use to show AF-k synthetic full-plane inlet candidates substantially improved official-height MAE/R2/Pearson but still had negative R2.,
docs/experiments/casee/results/fluidx3d_c014_inlet_k_synthetic_s2p0_nosgs_run_20260809_235100.err.log,run_or_build_log,hash_record_only,preexisting_artifact,limitations_ready_inlet_turbulence_improvement,true,0,e3b0c44298fc1c149afbf4c8996fb92427ae41e4649b934ca495991b7852b855,2026-08-09T15:50:45.185713+00:00,Use to show AF-k synthetic full-plane inlet candidates substantially improved official-height MAE/R2/Pearson but still had negative R2.,
docs/experiments/casee/results/fluidx3d_c014_inlet_k_synthetic_s2p0_nosgs_run_20260809_235100.log,run_or_build_log,optional_log_asset,preexisting_artifact,limitations_ready_inlet_turbulence_improvement,true,775498,9a686e4f27bf7ca80396b82fe13539eb3809146779168c4982daa3fd78b6a7d3,2026-08-09T15:55:40.337974+00:00,Use to show AF-k synthetic full-plane inlet candidates substantially improved official-height MAE/R2/Pearson but still had negative R2.,
docs/experiments/casee/results/fluidx3d_c015_inlet_k_synthetic_s2p5_nosgs_compile.log,run_or_build_log,hash_record_only,preexisting_artifact,limitations_ready_inlet_turbulence_improvement,true,1668,7b4ba730b9018304bd49ff27ce0d810f192df5c9db9a21fe9252b7a42c2867cf,2026-08-09T15:56:35.286866+00:00,Use to show AF-k synthetic full-plane inlet candidates substantially improved official-height MAE/R2/Pearson but still had negative R2.,
docs/experiments/casee/results/fluidx3d_c015_inlet_k_synthetic_s2p5_nosgs_run_20260810_000000.err.log,run_or_build_log,hash_record_only,preexisting_artifact,limitations_ready_inlet_turbulence_improvement,true,0,e3b0c44298fc1c149afbf4c8996fb92427ae41e4649b934ca495991b7852b855,2026-08-09T15:56:43.076700+00:00,Use to show AF-k synthetic full-plane inlet candidates substantially improved official-height MAE/R2/Pearson but still had negative R2.,
docs/experiments/casee/results/fluidx3d_c015_inlet_k_synthetic_s2p5_nosgs_run_20260810_000000.log,run_or_build_log,optional_log_asset,preexisting_artifact,limitations_ready_inlet_turbulence_improvement,true,737590,584d85fe0f4b69dbe09f9ed3a513a84f348e340a17db4cb4115ac6b15e8b206c,2026-08-09T16:01:22.856553+00:00,Use to show AF-k synthetic full-plane inlet candidates substantially improved official-height MAE/R2/Pearson but still had negative R2.,
docs/experiments/casee/results/fluidx3d_dx2_compile.log,run_or_build_log,hash_record_only,preexisting_artifact,paper_ready_reproducibility,true,0,e3b0c44298fc1c149afbf4c8996fb92427ae41e4649b934ca495991b7852b855,2026-08-01T09:29:19.793151+00:00,"Use as reproducibility support, not as standalone accuracy proof.",
docs/experiments/casee/results/fluidx3d_dx2_gshift1_compile.log,run_or_build_log,hash_record_only,preexisting_artifact,paper_ready_reproducibility,true,0,e3b0c44298fc1c149afbf4c8996fb92427ae41e4649b934ca495991b7852b855,2026-08-01T09:52:28.615255+00:00,"Use as reproducibility support, not as standalone accuracy proof.",
docs/experiments/casee/results/fluidx3d_dx2_gshift1_nu001_compile.log,run_or_build_log,hash_record_only,preexisting_artifact,paper_ready_reproducibility,true,0,e3b0c44298fc1c149afbf4c8996fb92427ae41e4649b934ca495991b7852b855,2026-08-01T10:04:48.858099+00:00,"Use as reproducibility support, not as standalone accuracy proof.",
docs/experiments/casee/results/fluidx3d_dx2_gshift1_nu001_run.log,run_or_build_log,optional_log_asset,preexisting_artifact,paper_ready_reproducibility,true,468630,ddcfc30eebd06b5fc833b5f45cd0b0371794bafd02d551bb6cea0bbc00636eec,2026-08-01T10:08:51.246625+00:00,"Use as reproducibility support, not as standalone accuracy proof.",
docs/experiments/casee/results/fluidx3d_dx2_gshift1_nu005_compile.log,run_or_build_log,hash_record_only,preexisting_artifact,paper_ready_reproducibility,true,0,e3b0c44298fc1c149afbf4c8996fb92427ae41e4649b934ca495991b7852b855,2026-08-01T09:58:09.088022+00:00,"Use as reproducibility support, not as standalone accuracy proof.",
docs/experiments/casee/results/fluidx3d_dx2_gshift1_nu005_run.log,run_or_build_log,optional_log_asset,preexisting_artifact,paper_ready_reproducibility,true,477216,986d22f99d1170ae7cdfa1f6198def677e23ccfdd41dfa15641a9d6ebc725147,2026-08-01T10:02:17.493127+00:00,"Use as reproducibility support, not as standalone accuracy proof.",
docs/experiments/casee/results/fluidx3d_dx2_gshift1_run.err.log,run_or_build_log,hash_record_only,preexisting_artifact,paper_ready_reproducibility,true,0,e3b0c44298fc1c149afbf4c8996fb92427ae41e4649b934ca495991b7852b855,2026-08-01T09:53:42.105901+00:00,"Use as reproducibility support, not as standalone accuracy proof.",
docs/experiments/casee/results/fluidx3d_dx2_gshift1_run.log,run_or_build_log,hash_record_only,preexisting_artifact,paper_ready_reproducibility,true,209629,d620f06ceb2b4266830b599f8d08881077ee48a4114f7589dc20a689e2f59a25,2026-08-01T09:56:25.257428+00:00,"Use as reproducibility support, not as standalone accuracy proof.",
docs/experiments/casee/results/fluidx3d_dx2_pmodes_compile.log,run_or_build_log,hash_record_only,preexisting_artifact,paper_ready_reproducibility,true,0,e3b0c44298fc1c149afbf4c8996fb92427ae41e4649b934ca495991b7852b855,2026-08-01T10:56:19.335380+00:00,"Use as reproducibility support, not as standalone accuracy proof.",
docs/experiments/casee/results/fluidx3d_dx2_pmodes_run_20260801_190445.err.log,run_or_build_log,hash_record_only,preexisting_artifact,paper_ready_reproducibility,true,0,e3b0c44298fc1c149afbf4c8996fb92427ae41e4649b934ca495991b7852b855,2026-08-01T11:04:46.014470+00:00,"Use as reproducibility support, not as standalone accuracy proof.",
docs/experiments/casee/results/fluidx3d_dx2_pmodes_run_20260801_190445.log,run_or_build_log,hash_record_only,preexisting_artifact,paper_ready_reproducibility,true,199709,830048c58e5edaed88d08335ea72969d60a33a76f411162a3d1fa9cec4bd4b14,2026-08-01T11:07:19.711203+00:00,"Use as reproducibility support, not as standalone accuracy proof.",
docs/experiments/casee/results/fluidx3d_dx2_run.err.log,run_or_build_log,hash_record_only,preexisting_artifact,paper_ready_reproducibility,true,0,e3b0c44298fc1c149afbf4c8996fb92427ae41e4649b934ca495991b7852b855,2026-08-01T09:30:23.600710+00:00,"Use as reproducibility support, not as standalone accuracy proof.",
docs/experiments/casee/results/fluidx3d_dx2_run.log,run_or_build_log,optional_log_asset,preexisting_artifact,paper_ready_reproducibility,true,352438,65485aead6d6f5a8c6ac4827dbda28afa033d74d47dfec340848d5a9bc7906cf,2026-08-01T09:34:54.557229+00:00,"Use as reproducibility support, not as standalone accuracy proof.",
docs/experiments/casee/results/fluidx3d_dx2_sampledt2000_compile.log,run_or_build_log,hash_record_only,preexisting_artifact,paper_ready_reproducibility,true,0,e3b0c44298fc1c149afbf4c8996fb92427ae41e4649b934ca495991b7852b855,2026-08-01T09:35:13.488440+00:00,"Use as reproducibility support, not as standalone accuracy proof.",
docs/experiments/casee/results/fluidx3d_dx2_sampledt2000_run.err.log,run_or_build_log,hash_record_only,preexisting_artifact,paper_ready_reproducibility,true,0,e3b0c44298fc1c149afbf4c8996fb92427ae41e4649b934ca495991b7852b855,2026-08-01T09:36:26.558756+00:00,"Use as reproducibility support, not as standalone accuracy proof.",
docs/experiments/casee/results/fluidx3d_dx2_sampledt2000_run.log,run_or_build_log,optional_log_asset,preexisting_artifact,paper_ready_reproducibility,true,443275,e71a6e5f5537d9cb30dd46bfaeecdf69f4bd87c4b2d527e0aa6fb389bd757776,2026-08-01T09:42:08.553023+00:00,"Use as reproducibility support, not as standalone accuracy proof.",
docs/experiments/casee/results/fluidx3d_dx2_zcenter_compile.log,run_or_build_log,hash_record_only,preexisting_artifact,paper_ready_reproducibility,true,0,e3b0c44298fc1c149afbf4c8996fb92427ae41e4649b934ca495991b7852b855,2026-08-01T11:24:46.552463+00:00,"Use as reproducibility support, not as standalone accuracy proof.",
docs/experiments/casee/results/fluidx3d_dx2_zcenter_run_20260801_192609.err.log,run_or_build_log,hash_record_only,preexisting_artifact,paper_ready_reproducibility,true,0,e3b0c44298fc1c149afbf4c8996fb92427ae41e4649b934ca495991b7852b855,2026-08-01T11:26:09.203827+00:00,"Use as reproducibility support, not as standalone accuracy proof.",
docs/experiments/casee/results/fluidx3d_dx2_zcenter_run_20260801_192609.log,run_or_build_log,hash_record_only,preexisting_artifact,paper_ready_reproducibility,true,203149,4ca80e45e8e8fb5d04ccc0bebddaf9c8214ed6001770d41cee0a1b75a9e58a05,2026-08-01T11:28:45.918069+00:00,"Use as reproducibility support, not as standalone accuracy proof.",
docs/experiments/casee/results/fluidx3d_dx3_compile.log,run_or_build_log,hash_record_only,preexisting_artifact,paper_ready_reproducibility,true,0,e3b0c44298fc1c149afbf4c8996fb92427ae41e4649b934ca495991b7852b855,2026-08-01T09:16:05.399459+00:00,"Use as reproducibility support, not as standalone accuracy proof.",
docs/experiments/casee/results/fluidx3d_dx3_nosgs_compile.log,run_or_build_log,hash_record_only,preexisting_artifact,paper_ready_reproducibility,true,0,e3b0c44298fc1c149afbf4c8996fb92427ae41e4649b934ca495991b7852b855,2026-08-01T09:25:05.425924+00:00,"Use as reproducibility support, not as standalone accuracy proof.",
docs/experiments/casee/results/fluidx3d_dx3_nosgs_run.log,run_or_build_log,optional_log_asset,preexisting_artifact,paper_ready_reproducibility,true,420772,3ba50ef5d8b7d47015ce3c9b51bee0d76e517ae1a7bbfcb996a0df1d06ac27a4,2026-08-01T09:28:30.480761+00:00,"Use as reproducibility support, not as standalone accuracy proof.",
docs/experiments/casee/results/fluidx3d_dx3_run.log,run_or_build_log,optional_log_asset,preexisting_artifact,paper_ready_reproducibility,true,395986,89203b62ec265bd2d4783a58eacdb51f6dd5ad33d7c6142554d6db1cbe7b88c3,2026-08-01T09:19:23.196087+00:00,"Use as reproducibility support, not as standalone accuracy proof.",
docs/experiments/casee/results/fluidx3d_dx3_yp_compile.log,run_or_build_log,hash_record_only,preexisting_artifact,paper_ready_reproducibility,true,0,e3b0c44298fc1c149afbf4c8996fb92427ae41e4649b934ca495991b7852b855,2026-08-01T09:20:30.734673+00:00,"Use as reproducibility support, not as standalone accuracy proof.",
docs/experiments/casee/results/fluidx3d_dx3_yp_run.log,run_or_build_log,optional_log_asset,preexisting_artifact,paper_ready_reproducibility,true,401494,ec1883b9b8ebb95fd581e0a2457d03c3b081aed4b14a0310efab8407dc56c5ef,2026-08-01T09:23:42.604064+00:00,"Use as reproducibility support, not as standalone accuracy proof.",
docs/experiments/casee/results/plugin_identity_gate.json,manifest_or_gate_json,lightweight_release_asset,newly_run,paper_ready_traceability,true,1070,413a00a48c30472fa9cf3edcc4c7f117c069d3226114f74c220e65ce3c847192,2026-08-11T00:30:28.788559+00:00,Use to prove claim-boundary and artifact traceability checks.,
docs/experiments/casee/results/release_gate.json,manifest_or_gate_json,lightweight_release_asset,newly_run,blocked_formal_release_gate,true,4233,7d39ee05ce7aae3e16bf51a64138af75e51a8705c3b989c576340a7d838ad877,2026-08-11T00:30:26.011574+00:00,Use to state that formal v0.4.0 is not allowed.,Formal v0.4.0 tag remains prohibited.
docs/experiments/casee/results/rhino_gha_load_gate.json,manifest_or_gate_json,lightweight_release_asset,newly_run,blocked_manual_rhino_load,true,2108,64316e7fd6e862515783e8c0014cd973d4d223ff41d29acbbfda72e79a7f8da7,2026-08-11T00:30:28.893620+00:00,Use to document the fail-closed Rhino/Grasshopper new-GHA loading gate.,Manual Rhino/Grasshopper evidence is absent or incomplete; do not state the new GHA was loaded.
docs/experiments/casee/results/rhino_gha_load_gate.md,report_or_protocol_markdown,lightweight_release_asset,preexisting_artifact,blocked_manual_rhino_load,true,1903,fee32167f7aef5e22942578ce441eab41f591101fa57c48e16d06fdc07eccf88,2026-08-11T00:30:28.894634+00:00,Use to document the fail-closed Rhino/Grasshopper new-GHA loading gate.,Manual Rhino/Grasshopper evidence is absent or incomplete; do not state the new GHA was loaded.
docs/experiments/casee/tools/artifact_index.py,reproducibility_script,lightweight_release_asset,preexisting_artifact,paper_ready_reproducibility,true,29780,c9f74a004e1a9ed5024499b2e8444707937de2fbab9cdc3d56f9506905982e94,2026-08-11T00:28:50.551044+00:00,"Use as reproducibility support, not as standalone accuracy proof.",
docs/experiments/casee/tools/build_chain_audit.py,reproducibility_script,lightweight_release_asset,preexisting_artifact,paper_ready_reproducibility,true,15376,d4ebd838922dc9f89c0cd2e96dc5f01e9c717d7b05b2e5da680b1ee0456046f7,2026-08-09T12:48:55.771199+00:00,"Use as reproducibility support, not as standalone accuracy proof.",
docs/experiments/casee/tools/casee_audit.py,reproducibility_script,lightweight_release_asset,preexisting_artifact,paper_ready_reproducibility,true,35366,eeb1c20bba08661326a5d009b731588102f6df3f41413200616c1061e2c9b580,2026-08-01T11:54:33.640092+00:00,"Use as reproducibility support, not as standalone accuracy proof.",
docs/experiments/casee/tools/casee_blocker_remediation_plan.py,reproducibility_script,lightweight_release_asset,preexisting_artifact,blocked_followup_plan,true,15153,72c58f8d5caf13f7ca2b7cd74c8e91e34125876c05e5b789171b5b1c3721f1fb,2026-08-09T11:52:28.931416+00:00,Use to document the concrete blockers and next validation actions.,Planning evidence only; does not improve or replace official z=2 m metrics.
docs/experiments/casee/tools/casee_c002_longer_mean_audit.py,reproducibility_script,lightweight_release_asset,preexisting_artifact,limitations_ready_completed_candidate,true,10966,e0d41d98b943bc9d458d77310267c0e34ca37d3e404b56b853f3b35d7745f0cc,2026-08-09T13:14:59.003366+00:00,Use to show the C002 longer-time-mean candidate was completed and did not improve official z=2 m metrics.,
docs/experiments/casee/tools/casee_c003_zorigin_ablation_audit.py,reproducibility_script,lightweight_release_asset,preexisting_artifact,limitations_ready_zorigin_ablation,true,12017,4c0717079c57b48627034c168196fb4113d1d96aba25f397acde5813c52163ed,2026-08-09T13:34:27.092354+00:00,Use to show the C003 no-z-center ablation worsened official z=2 m metrics and supports z-origin sensitivity as a limitation.,
docs/experiments/casee/tools/casee_c004_dx3_low_cost_audit.py,reproducibility_script,lightweight_release_asset,preexisting_artifact,limitations_ready_dx3_low_cost_regression,true,12848,5498715443cd10c4e7bd08d6bc31d7de4201e1954f76e565aa703d30a31c8f0a,2026-08-09T13:46:53.672034+00:00,Use to show the C004 dx=3 low-cost run kept positive correlation but did not improve official z=2 m metrics.,
docs/experiments/casee/tools/casee_c005_decomposition_audit.py,reproducibility_script,lightweight_release_asset,preexisting_artifact,limitations_ready_decomposition_sensitivity,true,13300,e757173fa1e8dc248b1f678a2ddffbad13a0e3b43fdcae5b6c2c488a27784143,2026-08-09T14:04:39.134330+00:00,Use to show the C005 4x1x1 domain-decomposition run improved MAE/R2 but was not reproducibility-consistent or default-promotable.,
docs/experiments/casee/tools/casee_c008_c009_inlet_turbulence_audit.py,reproducibility_script,lightweight_release_asset,preexisting_artifact,limitations_ready_inlet_turbulence_improvement,true,16613,0f82352198194a55d9a52814a40786ebcf138bc3a2573da81220f93a711ddc4c,2026-08-09T16:02:36.374448+00:00,Use to show AF-k synthetic full-plane inlet candidates substantially improved official-height MAE/R2/Pearson but still had negative R2.,
docs/experiments/casee/tools/casee_c014_residual_structure_audit.py,reproducibility_script,lightweight_release_asset,preexisting_artifact,limitations_ready_residual_structure,true,19852,baaef88f3b77c7d8e41776edd62d7efc8b84570187e471e6738273aa14d6c28a,2026-08-11T00:01:13.492153+00:00,"Use to explain why C014 remains non-validating: velocity-ratio range compression, downstream residuals, and high-speed under-recovery.",Residual audit over preexisting C014 solver output only; it does not add a new FluidX3D run or permit formal accuracy claims.
docs/experiments/casee/tools/casee_candidate_sweep_plan.py,reproducibility_script,lightweight_release_asset,preexisting_artifact,paper_ready_followup_plan,true,31062,8e3c50346d402a96bb8eaf4ad610dc079da377b6da02c5b79834b6605bdb3c9f,2026-08-11T00:21:47.324419+00:00,"Use as reproducibility support, not as standalone accuracy proof.",
docs/experiments/casee/tools/casee_default_policy_gate.py,reproducibility_script,lightweight_release_asset,preexisting_artifact,paper_ready_default_policy_boundary,true,20926,bd69082095b1c4025ab7fb08f869b1243de2cf5be76d0392a506e414b33824b9,2026-08-11T00:14:00.727612+00:00,Use to distinguish formal defaults from diagnostic-only software switches.,Default-policy boundary only; does not improve or replace official z=2 m metrics.
docs/experiments/casee/tools/casee_dx1_readiness_audit.py,reproducibility_script,lightweight_release_asset,preexisting_artifact,limitations_ready_dx1_feasibility,true,13489,9760187bcf48cdabe8cc0b130845e30c2cb5b5576c1922ec73b45683e9416078,2026-08-09T11:50:12.853611+00:00,Use to document dx=1 m high-resolution run feasibility and memory risk before scheduling long FluidX3D runs.,"Readiness and memory-risk audit only; no dx=1 solver output, accuracy result, or mesh-independence claim."
docs/experiments/casee/tools/casee_environment_recovery_runbook.py,reproducibility_script,lightweight_release_asset,preexisting_artifact,blocked_environment_recovery_runbook,true,10472,0c4a6ee29926c54c9f6fef56ed684cc3fa1e069737e20fbe3ade44d9093fef0a,2026-08-01T13:13:18.241018+00:00,Use to document the environment recovery actions needed before more official long runs.,"Operational recovery guidance only; does not install tools, run CFD, or improve metrics."
docs/experiments/casee/tools/casee_failure_mode_atlas.py,reproducibility_script,lightweight_release_asset,preexisting_artifact,limitations_ready_failure_mode_atlas,true,16309,de55cf4cc30c1bfd5d9247062826d4690a1f3f7914882cd60527d07e5c85ecc2,2026-08-11T00:04:11.620657+00:00,Use to structure limitations and software-feedback discussion without claiming formal accuracy.,Synthesis of existing diagnostics only; does not add a new solver result.
docs/experiments/casee/tools/casee_manuscript_results_table.py,reproducibility_script,lightweight_release_asset,preexisting_artifact,paper_ready_manuscript_results_table,true,14163,ea91e5982cbe32ef5ce6e5d8141e60bfe9560efd42ebd44c5633b3c7d700f68d,2026-08-09T10:54:13.172033+00:00,Use as the manuscript-facing Case E result table with formal and diagnostic boundaries.,Manuscript result formatting only; formal official row remains negative validation and diagnostic rows remain limitations-only.
docs/experiments/casee/tools/casee_manuscript_section_pack.py,reproducibility_script,lightweight_release_asset,preexisting_artifact,paper_ready_section_pack_negative_validation,true,11776,f5b7d284a2296377c9dffb17801ac84548e46f67e121bd0d8b296a7c9bfcfbc5,2026-08-09T11:23:03.411970+00:00,Use as paper-ready Results/Discussion/Limitations prose for negative validation only.,Formal metric fails; do not claim predictive accuracy.
docs/experiments/casee/tools/casee_next_experiment_runbook.py,reproducibility_script,lightweight_release_asset,preexisting_artifact,blocked_followup_runbook,true,14600,140e6870f7bfe06538f16f95eaff9a3a555315437381d2889f436a4951a8f108,2026-08-09T11:52:45.559796+00:00,Use to document future commands and formal-result policy.,Future-run command matrix only; not solver-output evidence.
docs/experiments/casee/tools/casee_official_run_preflight.py,reproducibility_script,lightweight_release_asset,preexisting_artifact,blocked_official_followup_preflight,true,15680,d3cb5208297a92a06a4b85bb16154f6c671c23e29af83bae0fb967a8cf54d42f,2026-08-09T12:40:06.834374+00:00,Use to document why another official native Case E follow-up run is or is not currently allowed.,Preflight evidence only; does not add solver output or improve the official metric.
docs/experiments/casee/tools/casee_paper_results_figure.py,reproducibility_script,lightweight_release_asset,preexisting_artifact,paper_ready_figure_negative_validation,true,15751,55474181963466d16fa41c79e1b4ed99dc12c9c0e7dcbe5697fa40f532c1c719,2026-08-09T11:09:22.429446+00:00,Use as a paper figure for negative validation and limitations only.,Formal metric fails; do not claim predictive accuracy.
docs/experiments/casee/tools/casee_probe_mode_metrics.py,reproducibility_script,lightweight_release_asset,preexisting_artifact,limitations_ready_diagnostic,true,9766,bbff5685d27756872142b93eed3ec694cb2c3569a2ac6d67604b6d3f2e71ce55,2026-08-01T11:09:09.862125+00:00,Use for limitations and error-mechanism discussion only.,Diagnostic only; do not report as formal official z=2 m accuracy.
docs/experiments/casee/tools/casee_probe_modes_audit.py,reproducibility_script,lightweight_release_asset,preexisting_artifact,limitations_ready_diagnostic,true,5100,20c20fdc91140ad974fe4d96d0b7d71a3e62fb7a5761ccf6d3270ecf970b9bee,2026-08-01T11:09:26.008439+00:00,Use for limitations and error-mechanism discussion only.,Diagnostic only; do not report as formal official z=2 m accuracy.
docs/experiments/casee/tools/casee_spatial_alignment_diagnostic.py,reproducibility_script,lightweight_release_asset,preexisting_artifact,limitations_ready_diagnostic,true,8677,24433a7b512c5c402ec8686dfc8da35a8bfea9417d7caa88b608011ac662b2d2,2026-08-01T10:55:29.182795+00:00,Use for limitations and error-mechanism discussion only.,Diagnostic only; do not report as formal official z=2 m accuracy.
docs/experiments/casee/tools/casee_voxel_probe_audit.py,reproducibility_script,lightweight_release_asset,preexisting_artifact,limitations_ready_diagnostic,true,19085,a56869bb8b0adf69e4e0755459f3550f55375d5ff272a425381594180c5ef077,2026-08-01T11:30:08.309971+00:00,Use for limitations and error-mechanism discussion only.,Diagnostic only; do not report as formal official z=2 m accuracy.
docs/experiments/casee/tools/casee_zcenter_rerun_consistency.py,reproducibility_script,lightweight_release_asset,preexisting_artifact,paper_ready_reproducibility_failed_metric,true,10876,9d03e7832c121988d67650985c9db8ab9801b645aa07d602830ea5ce09f3e006,2026-08-09T12:45:17.757866+00:00,Use to show the current compiled z-center Case E run reproduces the same official z=2 m failure metric.,
docs/experiments/casee/tools/citylbm_manifest_output_gate.py,reproducibility_script,lightweight_release_asset,preexisting_artifact,paper_ready_manifest_traceability,true,11766,e602f9d9ba47c27caa60bb6f9b6dc7249a451e5dced16bd3301d17990f547e5a,2026-08-11T00:14:28.698870+00:00,Use to show Run Simulation exposes the run manifest path for paper and reviewer traceability.,Manifest-output traceability only; does not prove Rhino loaded the new GHA or CFD accuracy.
docs/experiments/casee/tools/citylbm_manifest_schema_gate.py,reproducibility_script,lightweight_release_asset,preexisting_artifact,paper_ready_manifest_schema_boundary,true,13538,4e57e0eaffd61fa890f49d3851233eca9355456893615e9a12c3531e0c309380,2026-08-11T00:14:11.719664+00:00,"Use as reproducibility support, not as standalone accuracy proof.",
docs/experiments/casee/tools/citylbm_paper_results_packet.py,reproducibility_script,lightweight_release_asset,preexisting_artifact,paper_ready_cross_experiment_results_packet,true,38925,12f44f8fc80c0806b3f803be2c34d81e5fefa47a2cd6b5891f11af40c86000c2,2026-08-11T00:29:29.680780+00:00,"Use to organize Experiments 1, 2, and 3 results into manuscript-ready and limitations-only rows.",Manuscript organization evidence only; does not add new CFD results or formal validation.
docs/experiments/casee/tools/citylbm_software_feedback_matrix.py,reproducibility_script,lightweight_release_asset,preexisting_artifact,paper_ready_software_feedback_boundary,true,58368,f9f25d1a8d44637c678d22fba443de923201161128ae6d35bff78532a2b002e9,2026-08-11T00:29:14.326632+00:00,"Use to trace how experiment findings are converted into defaults, diagnostic switches, and blockers.",Software-feedback boundary only; does not add solver output or justify formal accuracy.
docs/experiments/casee/tools/generate_native_casee.py,reproducibility_script,lightweight_release_asset,preexisting_artifact,paper_ready_reproducibility,true,28319,d4dde9cb6d82a466b651797264ef96ba9a6fd95864a90725172d558deb795e66,2026-08-09T14:16:54.668736+00:00,"Use as reproducibility support, not as standalone accuracy proof.",
docs/experiments/casee/tools/manuscript_evidence_summary.py,reproducibility_script,lightweight_release_asset,preexisting_artifact,paper_ready_reproducibility,true,27439,97e7c36db104b920cac690a8ecc2091cf96fa93ce501626ece897ee5e1450022,2026-08-11T00:03:55.106206+00:00,"Use as reproducibility support, not as standalone accuracy proof.",
docs/experiments/casee/tools/paper_appendix_generator.py,reproducibility_script,lightweight_release_asset,preexisting_artifact,paper_ready_reproducibility_appendix,true,22460,bff87ae728579649de0073585610c0392de5af0481956d57480b87499c5118e0,2026-08-09T14:48:57.163453+00:00,"Use as a paper-facing reproducibility appendix, not as accuracy proof.",
docs/experiments/casee/tools/paper_evidence_gate.py,reproducibility_script,lightweight_release_asset,preexisting_artifact,paper_ready_traceability,true,59479,1f654b22037fe7ad73944f3d9584ba4fba4dc533ea9828c791374361fa9ebe32,2026-08-11T00:28:45.347292+00:00,Use to prove claim-boundary and artifact traceability checks.,
docs/experiments/casee/tools/plugin_identity_gate.py,reproducibility_script,lightweight_release_asset,preexisting_artifact,paper_ready_traceability,true,3848,8a767490bf0b36a321023c4f884857cf11dbda71129ef61606999e7edd60ee64,2026-08-09T12:47:17.988241+00:00,Use to prove claim-boundary and artifact traceability checks.,
docs/experiments/casee/tools/release_gate.py,reproducibility_script,lightweight_release_asset,preexisting_artifact,paper_ready_reproducibility,true,903,cf79c9fd9470f1e98d3e81ad3b7df21dc53731906356e1c004e40657f76913e9,2026-08-01T10:13:52.683702+00:00,"Use as reproducibility support, not as standalone accuracy proof.",
docs/experiments/casee/tools/reproducibility_suite.py,reproducibility_script,lightweight_release_asset,preexisting_artifact,paper_ready_traceability,true,13445,b4ccd82db41f1fec6600a8a4e5d664730ac47a89637bbb017db7e476c717d0df,2026-08-11T00:28:37.174222+00:00,Use to prove claim-boundary and artifact traceability checks.,
docs/experiments/casee/tools/rhino_gha_load_gate.py,reproducibility_script,lightweight_release_asset,preexisting_artifact,blocked_manual_rhino_load,true,6762,885fa85ef6b60057b7c4796eaeb1dbe71570043518bd1f2731e2d96ef448da54,2026-08-01T12:59:13.735601+00:00,Use to document the fail-closed Rhino/Grasshopper new-GHA loading gate.,Manual Rhino/Grasshopper evidence is absent or incomplete; do not state the new GHA was loaded.
docs/releases/v0.4.0-rc32.md,release_notes,lightweight_release_asset,preexisting_artifact,paper_ready_reproducibility,true,1779,410487957e99ad060a8782ad6447c45b09030fa0152587b35c97cce6f3932b47,2026-08-09T11:41:20.481483+00:00,"Use as reproducibility support, not as standalone accuracy proof.",
docs/releases/v0.4.0-rc33.md,release_notes,lightweight_release_asset,preexisting_artifact,paper_ready_reproducibility,true,1686,5af1d01f723daff3082010320766e928b89688b62d3e42715963b42101fd2ebf,2026-08-09T11:53:39.111369+00:00,"Use as reproducibility support, not as standalone accuracy proof.",
docs/releases/v0.4.0-rc34.md,release_notes,lightweight_release_asset,preexisting_artifact,paper_ready_reproducibility,true,1804,d4206f85cc4b98ec23300d7d19d8713fa3ed6b1f8b58529fbced4023df34a610,2026-08-09T12:06:53.772789+00:00,"Use as reproducibility support, not as standalone accuracy proof.",
docs/releases/v0.4.0-rc35.md,release_notes,lightweight_release_asset,preexisting_artifact,paper_ready_reproducibility,true,1656,6fb37fc31bbaf4d49a0e707b518b1f054b093e139c119e20545dc4443397bf7a,2026-08-09T12:16:10.523669+00:00,"Use as reproducibility support, not as standalone accuracy proof.",
docs/releases/v0.4.0-rc36.md,release_notes,lightweight_release_asset,preexisting_artifact,paper_ready_reproducibility,true,1732,a55252be3bdc828b5d87b427cfba31655904bfb2634950c326b66b7302123e5c,2026-08-09T12:26:33.615047+00:00,"Use as reproducibility support, not as standalone accuracy proof.",
docs/releases/v0.4.0-rc37.md,release_notes,lightweight_release_asset,preexisting_artifact,paper_ready_reproducibility,true,1994,c2c8ef4f4312e8f92bf73ea09583e9e2f8589750f15c83e773b2a2996170f0a1,2026-08-09T12:44:02.934830+00:00,"Use as reproducibility support, not as standalone accuracy proof.",
docs/releases/v0.4.0-rc38.md,release_notes,lightweight_release_asset,preexisting_artifact,paper_ready_reproducibility,true,2341,456680d81e25c9622a9a2542ffb7164e8d0ba256f80ab46398efc6271c411407,2026-08-09T13:20:46.167939+00:00,"Use as reproducibility support, not as standalone accuracy proof.",
docs/releases/v0.4.0-rc39.md,release_notes,lightweight_release_asset,preexisting_artifact,paper_ready_reproducibility,true,2592,f95e535ee6b2fcbdbed2534994ea49c5aa65a9361a901d27b711122c05fae2dc,2026-08-09T13:38:29.571339+00:00,"Use as reproducibility support, not as standalone accuracy proof.",
docs/releases/v0.4.0-rc40.md,release_notes,lightweight_release_asset,preexisting_artifact,paper_ready_reproducibility,true,2561,ab7f3cd6e7cdaa837cf9f0b2dd06dd6c5f779fb964ad21b9ce460f561c928ed3,2026-08-09T13:50:21.372752+00:00,"Use as reproducibility support, not as standalone accuracy proof.",
docs/releases/v0.4.0-rc41.md,release_notes,lightweight_release_asset,preexisting_artifact,paper_ready_reproducibility,true,2398,9f2c334c90f6409153e748f77932425990bf6521401b46becac8039c8c1152eb,2026-08-09T14:09:55.158280+00:00,"Use as reproducibility support, not as standalone accuracy proof.",
docs/releases/v0.4.0-rc42.md,release_notes,lightweight_release_asset,preexisting_artifact,paper_ready_reproducibility,true,2168,8a9f19143be2417e3aa14a5f1781677f7e45bdb66c430669e7c7d44326a15ada,2026-08-09T14:50:18.932052+00:00,"Use as reproducibility support, not as standalone accuracy proof.",
docs/releases/v0.4.0-rc43.md,release_notes,lightweight_release_asset,preexisting_artifact,paper_ready_reproducibility,true,2173,bf1661030bf2fef67090022d6bd5c596888f5656bf91fd0b9cc87a40ea91fa62,2026-08-09T15:11:32.145931+00:00,"Use as reproducibility support, not as standalone accuracy proof.",
docs/releases/v0.4.0-rc44.md,release_notes,lightweight_release_asset,preexisting_artifact,paper_ready_reproducibility,true,1683,94c112e81449eb1b9a2dd8e7a9e5facd183f990ffd9d848d1c9d9a046381bbfc,2026-08-09T15:23:39.932959+00:00,"Use as reproducibility support, not as standalone accuracy proof.",
docs/releases/v0.4.0-rc45.md,release_notes,lightweight_release_asset,preexisting_artifact,paper_ready_reproducibility,true,1481,999d8b71395a1ffb402f98058b257e92eec43de68d8b50d687666fa12b322464,2026-08-09T15:40:50.318558+00:00,"Use as reproducibility support, not as standalone accuracy proof.",
docs/releases/v0.4.0-rc46.md,release_notes,lightweight_release_asset,preexisting_artifact,paper_ready_reproducibility,true,1112,a506c448cc43c8a706bb1ba97d34ed8e4e4af86e876fc2e8c7e1580c88f10e12,2026-08-09T16:04:39.801783+00:00,"Use as reproducibility support, not as standalone accuracy proof.",
docs/releases/v0.4.0-rc47.md,release_notes,lightweight_release_asset,preexisting_artifact,paper_ready_reproducibility,true,1637,17d083af5adeedd2238d1e051ebc2e5773b1b7a52aaac7e6b8447eec6721c07d,2026-08-11T00:06:49.083099+00:00,"Use as reproducibility support, not as standalone accuracy proof.",
docs/releases/v0.4.0-rc48.md,release_notes,lightweight_release_asset,preexisting_artifact,paper_ready_reproducibility,true,1713,93d404229ec60ec18ba6750c728539acf7d0aacff82fc7223e245aeb95736e27,2026-08-11T00:15:36.782277+00:00,"Use as reproducibility support, not as standalone accuracy proof.",
docs/releases/v0.4.0-rc49.md,release_notes,lightweight_release_asset,preexisting_artifact,paper_ready_reproducibility,true,1439,6fe7a41322e65e2af5ed1810e97a6fdcb3995fb1d46b417cb88119e54b79f666,2026-08-11T00:22:37.000098+00:00,"Use as reproducibility support, not as standalone accuracy proof.",
docs/releases/v0.4.0-rc50.md,release_notes,lightweight_release_asset,preexisting_artifact,paper_ready_reproducibility,false,1312,3033441cad87cf460767e3540c0f3d4ed83d3023330c7efc6adef77cc4e37f44,2026-08-11T00:29:40.762022+00:00,"Use as reproducibility support, not as standalone accuracy proof.",
